<?xml version="1.0" encoding="UTF-8"?>
<questestinterop xmlns="http://www.imsglobal.org/xsd/ims_qtiasiv1p2" xmlns:xsi="http://www.w3.org/2001/XMLSchema-instance" xsi:schemaLocation="http://www.imsglobal.org/xsd/ims_qtiasiv1p2 http://www.imsglobal.org/xsd/ims_qtiasiv1p2p1.xsd">
  <assessment ident="iedb3900fb472f61329ca7543dc1e20ea" title="Gauss's Law Ideas">
    <qtimetadata>
      <qtimetadatafield>
        <fieldlabel>cc_maxattempts</fieldlabel>
        <fieldentry>1</fieldentry>
      </qtimetadatafield>
    </qtimetadata>
    <section ident="root_section">
      <item ident="ie08fdd7331c4e22668e445b6a9586011" title="Question">
        <itemmetadata>
          <qtimetadata>
            <qtimetadatafield>
              <fieldlabel>question_type</fieldlabel>
              <fieldentry>multiple_choice_question</fieldentry>
            </qtimetadatafield>
            <qtimetadatafield>
              <fieldlabel>points_possible</fieldlabel>
              <fieldentry>1.0</fieldentry>
            </qtimetadatafield>
            <qtimetadatafield>
              <fieldlabel>original_answer_ids</fieldlabel>
              <fieldentry>28353,12618,96396,88597,72508</fieldentry>
            </qtimetadatafield>
            <qtimetadatafield>
              <fieldlabel>assessment_question_identifierref</fieldlabel>
              <fieldentry>if47b767d37e06559ff801f2d253307ba</fieldentry>
            </qtimetadatafield>
          </qtimetadata>
        </itemmetadata>
        <presentation>
          <material>
            <mattext texttype="text/html">&lt;div&gt;Suppose you asked to find the electric field at a point P &amp;nbsp;due to a charged spherical shell with radius R using Gauss's Law and that P is located a distance 2R from the center of the shell. &amp;nbsp;Which of the following Gaussian surfaces would be appropriate to use for Gauss's Law?&lt;/div&gt;</mattext>
          </material>
          <response_lid ident="response1" rcardinality="Single">
            <render_choice>
              <response_label ident="28353">
                <material>
                  <mattext texttype="text/html">&lt;p&gt;&lt;img src="https://osu.instructure.com/files/2858837/download?download_frd=1&amp;amp;verifier=r2JPCrO7p0r49R4HLjDW8FdI8QYFgp5h172hcDFe" alt="Outer sphere.png" width="333" height="321"&gt;&lt;/p&gt;
&lt;p&gt;A spherical shell centered at the origin with radius 2R.&lt;/p&gt;</mattext>
                </material>
              </response_label>
              <response_label ident="12618">
                <material>
                  <mattext texttype="text/html">&lt;p&gt;&lt;img src="https://osu.instructure.com/files/2858933/download?download_frd=1&amp;amp;verifier=TCzHmE8vOP7yR031aaZhj5u6h8gmoKyHHY3hcWk4" alt="Innersphere.png" width="323" height="323"&gt;&lt;/p&gt;
&lt;p&gt;A spherical shell centered at the origin with a radius slightly bigger than R&lt;/p&gt;</mattext>
                </material>
              </response_label>
              <response_label ident="96396">
                <material>
                  <mattext texttype="text/html">&lt;p&gt;&lt;img src="https://osu.instructure.com/files/2858839/download?download_frd=1&amp;amp;verifier=0BaBgS4dCJRzbMy30KtXLz69CJDCgWuyPuc19blf" alt="Outerring.png" width="355" height="245"&gt;&lt;/p&gt;
&lt;p&gt;A loop centered at the origin with radius 2R&lt;/p&gt;</mattext>
                </material>
              </response_label>
              <response_label ident="88597">
                <material>
                  <mattext texttype="text/html">&lt;p&gt;&lt;img src="https://osu.instructure.com/files/2858932/download?download_frd=1&amp;amp;verifier=JBgl9MTsXuVRpn4luu9zSjT1KrywXGHExHh4bI35" alt="Innerring.png" width="362" height="254"&gt;&lt;/p&gt;
&lt;p&gt;A loop centered at the origin with a radius slightly bigger than R.&lt;/p&gt;</mattext>
                </material>
              </response_label>
              <response_label ident="72508">
                <material>
                  <mattext texttype="text/html">&lt;p&gt;&lt;img src="https://osu.instructure.com/files/2858838/download?download_frd=1&amp;amp;verifier=ztXblZSZPEXhWFcDsPIcrlxidNqzsY7i4LtmNlT3" alt="Outerbox.png" width="338" height="332"&gt;&lt;/p&gt;
&lt;p&gt;A box centered at the origin and extending out to point P.&lt;/p&gt;</mattext>
                </material>
              </response_label>
            </render_choice>
          </response_lid>
        </presentation>
        <resprocessing>
          <outcomes>
            <decvar maxvalue="100" minvalue="0" varname="SCORE" vartype="Decimal"/>
          </outcomes>
          <respcondition continue="No">
            <conditionvar>
              <varequal respident="response1">28353</varequal>
            </conditionvar>
            <setvar action="Set" varname="SCORE">100</setvar>
          </respcondition>
        </resprocessing>
      </item>
      <item ident="idf740cbc7a0bfeafebf05f03f68e47c5" title="Question">
        <itemmetadata>
          <qtimetadata>
            <qtimetadatafield>
              <fieldlabel>question_type</fieldlabel>
              <fieldentry>multiple_choice_question</fieldentry>
            </qtimetadatafield>
            <qtimetadatafield>
              <fieldlabel>points_possible</fieldlabel>
              <fieldentry>1.0</fieldentry>
            </qtimetadatafield>
            <qtimetadatafield>
              <fieldlabel>original_answer_ids</fieldlabel>
              <fieldentry>42138,82097,59602,67121</fieldentry>
            </qtimetadatafield>
            <qtimetadatafield>
              <fieldlabel>assessment_question_identifierref</fieldlabel>
              <fieldentry>if47b767d37e06559ff801f2d253307ba</fieldentry>
            </qtimetadatafield>
          </qtimetadata>
        </itemmetadata>
        <presentation>
          <material>
            <mattext texttype="text/html">&lt;div&gt;Gauss's Law is a mathematical relation between which two quantities?&lt;/div&gt;</mattext>
          </material>
          <response_lid ident="response1" rcardinality="Single">
            <render_choice>
              <response_label ident="42138">
                <material>
                  <mattext texttype="text/plain">Electrical flux and charge</mattext>
                </material>
              </response_label>
              <response_label ident="82097">
                <material>
                  <mattext texttype="text/plain">Electrical flux and electrical potential</mattext>
                </material>
              </response_label>
              <response_label ident="59602">
                <material>
                  <mattext texttype="text/plain">Electrical potential and charge</mattext>
                </material>
              </response_label>
              <response_label ident="67121">
                <material>
                  <mattext texttype="text/plain">Electric flux and electrical field</mattext>
                </material>
              </response_label>
            </render_choice>
          </response_lid>
        </presentation>
        <resprocessing>
          <outcomes>
            <decvar maxvalue="100" minvalue="0" varname="SCORE" vartype="Decimal"/>
          </outcomes>
          <respcondition continue="No">
            <conditionvar>
              <varequal respident="response1">42138</varequal>
            </conditionvar>
            <setvar action="Set" varname="SCORE">100</setvar>
          </respcondition>
        </resprocessing>
      </item>
    </section>
  </assessment>
</questestinterop>
