<?xml version="1.0" encoding="UTF-8"?>
<quiz identifier="ie0fd5411079a73bee5cc86df982855bd" xmlns="http://canvas.instructure.com/xsd/cccv1p0" xmlns:xsi="http://www.w3.org/2001/XMLSchema-instance" xsi:schemaLocation="http://canvas.instructure.com/xsd/cccv1p0 https://canvas.instructure.com/xsd/cccv1p0.xsd">
  <title>Physics 1251 Calculus Survey</title>
  <description>&lt;p&gt;For each item, please indicate your &lt;em&gt;familiarity&lt;/em&gt; with the question, where &lt;strong&gt;1&lt;/strong&gt; represents "&lt;em&gt;Not familiar at all&lt;/em&gt;" and &lt;strong&gt;5&lt;/strong&gt; represents "&lt;em&gt;Very&amp;nbsp;familiar.&lt;/em&gt;"&lt;/p&gt;
&lt;p&gt;&lt;span style="text-decoration: underline;"&gt;&lt;strong&gt;Do NOT&amp;nbsp;attempt to solve or calculate&lt;em&gt; anything&lt;/em&gt;!&lt;/strong&gt;&lt;/span&gt;&lt;/p&gt;</description>
  <lock_at>2017-04-29T03:59:00</lock_at>
  <unlock_at>2017-01-20T05:00:00</unlock_at>
  <due_at>2017-04-29T03:59:00</due_at>
  <shuffle_answers>false</shuffle_answers>
  <scoring_policy>keep_highest</scoring_policy>
  <hide_results>always</hide_results>
  <quiz_type>graded_survey</quiz_type>
  <points_possible>0.0</points_possible>
  <require_lockdown_browser>false</require_lockdown_browser>
  <require_lockdown_browser_for_results>false</require_lockdown_browser_for_results>
  <require_lockdown_browser_monitor>false</require_lockdown_browser_monitor>
  <lockdown_browser_monitor_data></lockdown_browser_monitor_data>
  <show_correct_answers>false</show_correct_answers>
  <anonymous_submissions>false</anonymous_submissions>
  <could_be_locked>false</could_be_locked>
  <disable_timer_autosubmission>false</disable_timer_autosubmission>
  <allowed_attempts>1</allowed_attempts>
  <one_question_at_a_time>true</one_question_at_a_time>
  <cant_go_back>true</cant_go_back>
  <available>false</available>
  <one_time_results>false</one_time_results>
  <show_correct_answers_last_attempt>false</show_correct_answers_last_attempt>
  <only_visible_to_overrides>false</only_visible_to_overrides>
  <module_locked>false</module_locked>
  <assignment identifier="i1edc388eef7f25c27009d3d0c6ddbb3d">
    <title>Physics 1251 Calculus Survey</title>
    <due_at>2017-04-29T03:59:00</due_at>
    <lock_at>2017-04-29T03:59:00</lock_at>
    <unlock_at>2017-01-20T05:00:00</unlock_at>
    <module_locked>false</module_locked>
    <all_day_date>2017-04-29</all_day_date>
    <peer_reviews_due_at>2017-04-29T03:59:00</peer_reviews_due_at>
    <workflow_state>unpublished</workflow_state>
    <assignment_overrides>
    </assignment_overrides>
    <quiz_identifierref>ie0fd5411079a73bee5cc86df982855bd</quiz_identifierref>
    <allowed_extensions></allowed_extensions>
    <has_group_category>false</has_group_category>
    <points_possible>0.0</points_possible>
    <grading_type>points</grading_type>
    <all_day>false</all_day>
    <submission_types>online_quiz</submission_types>
    <position>6</position>
    <turnitin_enabled>false</turnitin_enabled>
    <vericite_enabled>false</vericite_enabled>
    <peer_review_count>0</peer_review_count>
    <peer_reviews>false</peer_reviews>
    <automatic_peer_reviews>false</automatic_peer_reviews>
    <anonymous_peer_reviews>false</anonymous_peer_reviews>
    <grade_group_students_individually>false</grade_group_students_individually>
    <freeze_on_copy>false</freeze_on_copy>
    <omit_from_final_grade>false</omit_from_final_grade>
    <hide_in_gradebook>false</hide_in_gradebook>
    <intra_group_peer_reviews>false</intra_group_peer_reviews>
    <only_visible_to_overrides>false</only_visible_to_overrides>
    <post_to_sis>false</post_to_sis>
    <moderated_grading>false</moderated_grading>
    <grader_count>0</grader_count>
    <grader_comments_visible_to_graders>true</grader_comments_visible_to_graders>
    <anonymous_grading>false</anonymous_grading>
    <graders_anonymous_to_graders>false</graders_anonymous_to_graders>
    <grader_names_visible_to_final_grader>true</grader_names_visible_to_final_grader>
    <anonymous_instructor_annotations>false</anonymous_instructor_annotations>
    <post_policy>
      <post_manually>false</post_manually>
    </post_policy>
  </assignment>
  <assignment_group_identifierref>i472e2f3f13d917ca5ce010d2ee4033ae</assignment_group_identifierref>
  <assignment_overrides>
  </assignment_overrides>
</quiz>
