<?xml version="1.0" encoding="UTF-8"?>
<questestinterop xmlns="http://www.imsglobal.org/xsd/ims_qtiasiv1p2" xmlns:xsi="http://www.w3.org/2001/XMLSchema-instance" xsi:schemaLocation="http://www.imsglobal.org/xsd/ims_qtiasiv1p2 http://www.imsglobal.org/xsd/ims_qtiasiv1p2p1.xsd">
  <assessment ident="ie0fd5411079a73bee5cc86df982855bd" title="Physics 1251 Calculus Survey">
    <qtimetadata>
      <qtimetadatafield>
        <fieldlabel>cc_maxattempts</fieldlabel>
        <fieldentry>1</fieldentry>
      </qtimetadatafield>
    </qtimetadata>
    <section ident="root_section">
      <item ident="i5e61a1fb8721f234d924a331cea68f44" title="Velocity Time Integral">
        <itemmetadata>
          <qtimetadata>
            <qtimetadatafield>
              <fieldlabel>question_type</fieldlabel>
              <fieldentry>multiple_choice_question</fieldentry>
            </qtimetadatafield>
            <qtimetadatafield>
              <fieldlabel>points_possible</fieldlabel>
              <fieldentry>1.0</fieldentry>
            </qtimetadatafield>
            <qtimetadatafield>
              <fieldlabel>original_answer_ids</fieldlabel>
              <fieldentry>55007,16104,1621,86848,93809</fieldentry>
            </qtimetadatafield>
            <qtimetadatafield>
              <fieldlabel>assessment_question_identifierref</fieldlabel>
              <fieldentry>if47b767d37e06559ff801f2d253307ba</fieldentry>
            </qtimetadatafield>
          </qtimetadata>
        </itemmetadata>
        <presentation>
          <material>
            <mattext texttype="text/html">&lt;div&gt;
&lt;p&gt;A car is traveling in a straight line. Between times &lt;img class="equation_image" title="t=t_1" src="https://osu.instructure.com/equation_images/t%253Dt_1" alt="t=t_1"&gt;&amp;nbsp;and &lt;img class="equation_image" title="t=t_2" src="https://osu.instructure.com/equation_images/t%253Dt_2" alt="t=t_2"&gt;&amp;nbsp;(in seconds), it has velocity &lt;img class="equation_image" title="v" src="https://osu.instructure.com/equation_images/v" alt="v"&gt;&amp;nbsp;(in meters/second).&lt;/p&gt;
&lt;p&gt;&lt;span&gt;How would you rank your familiarity with the following quantity?&lt;/span&gt;&amp;nbsp;&lt;img class="equation_image" style="display: block; margin-left: auto; margin-right: auto;" title="\int^{t_2}_{t_1} vdt" src="https://osu.instructure.com/equation_images/%255Cint%255E%257Bt_2%257D_%257Bt_1%257D%2520vdt" alt="\int^{t_2}_{t_1} vdt"&gt;&lt;/p&gt;
&lt;p&gt;1 = "Not at all familiar with this quantity"&lt;/p&gt;
&lt;p&gt;5 = "Very familiar with this quantity"&lt;/p&gt;
&lt;/div&gt;</mattext>
          </material>
          <response_lid ident="response1" rcardinality="Single">
            <render_choice>
              <response_label ident="55007">
                <material>
                  <mattext texttype="text/plain">1</mattext>
                </material>
              </response_label>
              <response_label ident="16104">
                <material>
                  <mattext texttype="text/plain">2</mattext>
                </material>
              </response_label>
              <response_label ident="1621">
                <material>
                  <mattext texttype="text/plain">3</mattext>
                </material>
              </response_label>
              <response_label ident="86848">
                <material>
                  <mattext texttype="text/plain">4</mattext>
                </material>
              </response_label>
              <response_label ident="93809">
                <material>
                  <mattext texttype="text/plain">5</mattext>
                </material>
              </response_label>
            </render_choice>
          </response_lid>
        </presentation>
        <resprocessing>
          <outcomes>
            <decvar maxvalue="100" minvalue="0" varname="SCORE" vartype="Decimal"/>
          </outcomes>
          <respcondition continue="No">
            <conditionvar>
              <varequal respident="response1">55007</varequal>
            </conditionvar>
            <setvar action="Set" varname="SCORE">100</setvar>
          </respcondition>
        </resprocessing>
      </item>
      <item ident="i4c27121d5e4a3c8ec6973b974591feda" title="Volume Charge Density Area Displacement Integral">
        <itemmetadata>
          <qtimetadata>
            <qtimetadatafield>
              <fieldlabel>question_type</fieldlabel>
              <fieldentry>multiple_choice_question</fieldentry>
            </qtimetadatafield>
            <qtimetadatafield>
              <fieldlabel>points_possible</fieldlabel>
              <fieldentry>1.0</fieldentry>
            </qtimetadatafield>
            <qtimetadatafield>
              <fieldlabel>original_answer_ids</fieldlabel>
              <fieldentry>32479,67408,81488,27283,46214</fieldentry>
            </qtimetadatafield>
            <qtimetadatafield>
              <fieldlabel>assessment_question_identifierref</fieldlabel>
              <fieldentry>if47b767d37e06559ff801f2d253307ba</fieldentry>
            </qtimetadatafield>
          </qtimetadata>
        </itemmetadata>
        <presentation>
          <material>
            <mattext texttype="text/html">&lt;div&gt;
&lt;p&gt;A solid, charged cylinder with radius has a volume charge density &lt;img class="equation_image" title="\rho" src="https://osu.instructure.com/equation_images/%255Crho" alt="\rho"&gt;&amp;nbsp;(in Coulombs/meter&lt;sup&gt;3&lt;/sup&gt;) and lies along the &lt;img class="equation_image" title="x" src="https://osu.instructure.com/equation_images/x" alt="x"&gt;-axis &lt;span&gt;between&amp;nbsp;&lt;/span&gt;&lt;img class="equation_image" title="x=x_1" src="https://osu.instructure.com/equation_images/x%253Dx_1" alt="x=x_1"&gt;&lt;span&gt;&amp;nbsp;and&amp;nbsp;&lt;/span&gt;&lt;img class="equation_image" title="x=x_2" src="https://osu.instructure.com/equation_images/x%253Dx_2" alt="x=x_2"&gt;&lt;span&gt;&amp;nbsp;(in meters).&lt;/span&gt; The charge density varies only along the length of the cylinder (&lt;em&gt;i.e.&lt;/em&gt;, from left to right).&lt;/p&gt;
&lt;p&gt;&lt;span&gt;How would you rank your familiarity with the following quantity?&lt;/span&gt;&lt;/p&gt;
&lt;p&gt;&lt;span&gt;&lt;img class="equation_image" style="display: block; margin-left: auto; margin-right: auto;" title="\int^{x_2}_{x_1}\rho\pi R^2 dx" src="https://osu.instructure.com/equation_images/%255Cint%255E%257Bx_2%257D_%257Bx_1%257D%255Crho%255Cpi%2520R%255E2%2520dx" alt="\int^{x_2}_{x_1}\rho\pi R^2 dx"&gt;&lt;/span&gt;&lt;/p&gt;
&lt;p&gt;1 = "Not at all familiar with this quantity"&lt;/p&gt;
&lt;p&gt;5 = "Very familiar with this quantity"&lt;/p&gt;
&lt;/div&gt;</mattext>
          </material>
          <response_lid ident="response1" rcardinality="Single">
            <render_choice>
              <response_label ident="32479">
                <material>
                  <mattext texttype="text/plain">1</mattext>
                </material>
              </response_label>
              <response_label ident="67408">
                <material>
                  <mattext texttype="text/plain">2</mattext>
                </material>
              </response_label>
              <response_label ident="81488">
                <material>
                  <mattext texttype="text/plain">3</mattext>
                </material>
              </response_label>
              <response_label ident="27283">
                <material>
                  <mattext texttype="text/plain">4</mattext>
                </material>
              </response_label>
              <response_label ident="46214">
                <material>
                  <mattext texttype="text/plain">5</mattext>
                </material>
              </response_label>
            </render_choice>
          </response_lid>
        </presentation>
        <resprocessing>
          <outcomes>
            <decvar maxvalue="100" minvalue="0" varname="SCORE" vartype="Decimal"/>
          </outcomes>
          <respcondition continue="No">
            <conditionvar>
              <varequal respident="response1">32479</varequal>
            </conditionvar>
            <setvar action="Set" varname="SCORE">100</setvar>
          </respcondition>
        </resprocessing>
      </item>
      <item ident="i78eef21141ed958ea0aa8e82b78ed999" title="Pressure Area Integral">
        <itemmetadata>
          <qtimetadata>
            <qtimetadatafield>
              <fieldlabel>question_type</fieldlabel>
              <fieldentry>multiple_choice_question</fieldentry>
            </qtimetadatafield>
            <qtimetadatafield>
              <fieldlabel>points_possible</fieldlabel>
              <fieldentry>1.0</fieldentry>
            </qtimetadatafield>
            <qtimetadatafield>
              <fieldlabel>original_answer_ids</fieldlabel>
              <fieldentry>80815,38961,24123,83776,31850</fieldentry>
            </qtimetadatafield>
            <qtimetadatafield>
              <fieldlabel>assessment_question_identifierref</fieldlabel>
              <fieldentry>if47b767d37e06559ff801f2d253307ba</fieldentry>
            </qtimetadatafield>
          </qtimetadata>
        </itemmetadata>
        <presentation>
          <material>
            <mattext texttype="text/html">&lt;div&gt;
&lt;p&gt;A dam with a a horizontal length&lt;img class="equation_image" title="L" src="https://osu.instructure.com/equation_images/L" alt="L" data-mathml="&lt;math xmlns=&amp;quot;http://www.w3.org/1998/Math/MathML&amp;quot; display=&amp;quot;inline&amp;quot;&gt;&lt;mi&gt;L&lt;/mi&gt;&lt;/math&gt;"&gt;&amp;nbsp;(in meters) stands vertically on&amp;nbsp;the&amp;nbsp;&lt;img class="equation_image" title="y" src="https://osu.instructure.com/equation_images/y" alt="y" data-mathml="&lt;math xmlns=&amp;quot;http://www.w3.org/1998/Math/MathML&amp;quot; display=&amp;quot;inline&amp;quot;&gt;&lt;mi&gt;y&lt;/mi&gt;&lt;/math&gt;"&gt;-axis. The water behind the dam exerts a pressure&amp;nbsp;&lt;img class="equation_image" title="P" src="https://osu.instructure.com/equation_images/P" alt="P" data-mathml="&lt;math xmlns=&amp;quot;http://www.w3.org/1998/Math/MathML&amp;quot; display=&amp;quot;inline&amp;quot;&gt;&lt;mi&gt;P&lt;/mi&gt;&lt;/math&gt;"&gt;&amp;nbsp;(in Newtons/meter&lt;sup&gt;&lt;span&gt;2&lt;/span&gt;&lt;/sup&gt;)&amp;nbsp;on the dam's surface between heights&amp;nbsp;&lt;img class="equation_image" title="y=y_1" src="https://osu.instructure.com/equation_images/y%253Dy_1" alt="y=y_1" data-mathml="&lt;math xmlns=&amp;quot;http://www.w3.org/1998/Math/MathML&amp;quot; display=&amp;quot;inline&amp;quot;&gt;&lt;mi&gt;y&lt;/mi&gt;&lt;mo&gt;=&lt;/mo&gt;&lt;msub&gt;&lt;mi&gt;y&lt;/mi&gt;&lt;mn&gt;1&lt;/mn&gt;&lt;/msub&gt;&lt;/math&gt;"&gt;&amp;nbsp;and &amp;nbsp;&lt;img class="equation_image" title="y=y_2" src="https://osu.instructure.com/equation_images/y%253Dy_2" alt="y=y_2" data-mathml="&lt;math xmlns=&amp;quot;http://www.w3.org/1998/Math/MathML&amp;quot; display=&amp;quot;inline&amp;quot;&gt;&lt;mi&gt;y&lt;/mi&gt;&lt;mo&gt;=&lt;/mo&gt;&lt;msub&gt;&lt;mi&gt;y&lt;/mi&gt;&lt;mn&gt;2&lt;/mn&gt;&lt;/msub&gt;&lt;/math&gt;"&gt;&amp;nbsp;(in meters)&amp;nbsp;.&amp;nbsp;&amp;nbsp;&lt;/p&gt;
&lt;p&gt;How would you rank your familiarity with the following quantity?&lt;br&gt;&lt;img class="equation_image" style="display: block; margin-left: auto; margin-right: auto;" title="\int^{y_2}_{y_1}PLdy" src="https://osu.instructure.com/equation_images/%255Cint%255E%257By_2%257D_%257By_1%257DPLdy" alt="\int^{y_2}_{y_1}PLdy" data-mathml="&lt;math xmlns=&amp;quot;http://www.w3.org/1998/Math/MathML&amp;quot; display=&amp;quot;inline&amp;quot;&gt;&lt;msubsup&gt;&lt;mo&gt;&amp;amp;Integral;&lt;/mo&gt;&lt;mrow&gt;&lt;msub&gt;&lt;mi&gt;y&lt;/mi&gt;&lt;mn&gt;1&lt;/mn&gt;&lt;/msub&gt;&lt;/mrow&gt;&lt;mrow&gt;&lt;msub&gt;&lt;mi&gt;y&lt;/mi&gt;&lt;mn&gt;2&lt;/mn&gt;&lt;/msub&gt;&lt;/mrow&gt;&lt;/msubsup&gt;&lt;mi&gt;P&lt;/mi&gt;&lt;mi&gt;L&lt;/mi&gt;&lt;mi&gt;d&lt;/mi&gt;&lt;mi&gt;y&lt;/mi&gt;&lt;/math&gt;"&gt;&lt;/p&gt;
&lt;p&gt;1 = "Not at all familiar with this quantity"&lt;/p&gt;
&lt;p&gt;5 = "Very familiar with this quantity"&lt;/p&gt;
&lt;/div&gt;</mattext>
          </material>
          <response_lid ident="response1" rcardinality="Single">
            <render_choice>
              <response_label ident="80815">
                <material>
                  <mattext texttype="text/plain">1</mattext>
                </material>
              </response_label>
              <response_label ident="38961">
                <material>
                  <mattext texttype="text/plain">2</mattext>
                </material>
              </response_label>
              <response_label ident="24123">
                <material>
                  <mattext texttype="text/plain">3</mattext>
                </material>
              </response_label>
              <response_label ident="83776">
                <material>
                  <mattext texttype="text/plain">4</mattext>
                </material>
              </response_label>
              <response_label ident="31850">
                <material>
                  <mattext texttype="text/plain">5</mattext>
                </material>
              </response_label>
            </render_choice>
          </response_lid>
        </presentation>
        <resprocessing>
          <outcomes>
            <decvar maxvalue="100" minvalue="0" varname="SCORE" vartype="Decimal"/>
          </outcomes>
          <respcondition continue="No">
            <conditionvar>
              <varequal respident="response1">80815</varequal>
            </conditionvar>
            <setvar action="Set" varname="SCORE">100</setvar>
          </respcondition>
        </resprocessing>
      </item>
      <item ident="icb6d64beba6f7088de699bc12ab6c26f" title="Acceleration Time Integral 1251">
        <itemmetadata>
          <qtimetadata>
            <qtimetadatafield>
              <fieldlabel>question_type</fieldlabel>
              <fieldentry>multiple_choice_question</fieldentry>
            </qtimetadatafield>
            <qtimetadatafield>
              <fieldlabel>points_possible</fieldlabel>
              <fieldentry>1.0</fieldentry>
            </qtimetadatafield>
            <qtimetadatafield>
              <fieldlabel>original_answer_ids</fieldlabel>
              <fieldentry>47819,87411,4720,22326,83940</fieldentry>
            </qtimetadatafield>
            <qtimetadatafield>
              <fieldlabel>assessment_question_identifierref</fieldlabel>
              <fieldentry>if47b767d37e06559ff801f2d253307ba</fieldentry>
            </qtimetadatafield>
          </qtimetadata>
        </itemmetadata>
        <presentation>
          <material>
            <mattext texttype="text/html">&lt;div&gt;
&lt;p&gt;An electron in a magnetic field experiences an acceleration &lt;img class="equation_image" title="a" src="https://osu.instructure.com/equation_images/a" alt="a"&gt;&amp;nbsp;(in meters/second&lt;sup&gt;2&lt;/sup&gt;) between times&amp;nbsp;&lt;img class="equation_image" title="t=t_1" src="https://osu.instructure.com/equation_images/t%253Dt_1" alt="t=t_1" data-mathml="&lt;math xmlns=&amp;quot;http://www.w3.org/1998/Math/MathML&amp;quot; display=&amp;quot;inline&amp;quot;&gt;&lt;mi&gt;t&lt;/mi&gt;&lt;mo&gt;=&lt;/mo&gt;&lt;msub&gt;&lt;mi&gt;t&lt;/mi&gt;&lt;mn&gt;1&lt;/mn&gt;&lt;/msub&gt;&lt;/math&gt;"&gt;&amp;nbsp;and&amp;nbsp;&lt;img class="equation_image" title="t=t_2" src="https://osu.instructure.com/equation_images/t%253Dt_2" alt="t=t_2" data-mathml="&lt;math xmlns=&amp;quot;http://www.w3.org/1998/Math/MathML&amp;quot; display=&amp;quot;inline&amp;quot;&gt;&lt;mi&gt;t&lt;/mi&gt;&lt;mo&gt;=&lt;/mo&gt;&lt;msub&gt;&lt;mi&gt;t&lt;/mi&gt;&lt;mn&gt;2&lt;/mn&gt;&lt;/msub&gt;&lt;/math&gt;"&gt;&amp;nbsp;(in seconds).&lt;/p&gt;
&lt;p&gt;&lt;span&gt;How would you rank your familiarity with the following quantity?&lt;/span&gt;&lt;/p&gt;
&lt;p&gt;&lt;span&gt;&lt;img class="equation_image" style="display: block; margin-left: auto; margin-right: auto;" title="\int^{t_2}_{t_1}adt" src="https://osu.instructure.com/equation_images/%255Cint%255E%257Bt_2%257D_%257Bt_1%257Dadt" alt="\int^{t_2}_{t_1}adt" data-mathml="&lt;math xmlns=&amp;quot;http://www.w3.org/1998/Math/MathML&amp;quot; display=&amp;quot;inline&amp;quot;&gt;&lt;msubsup&gt;&lt;mo&gt;&amp;amp;Integral;&lt;/mo&gt;&lt;mrow&gt;&lt;msub&gt;&lt;mi&gt;t&lt;/mi&gt;&lt;mn&gt;1&lt;/mn&gt;&lt;/msub&gt;&lt;/mrow&gt;&lt;mrow&gt;&lt;msub&gt;&lt;mi&gt;t&lt;/mi&gt;&lt;mn&gt;2&lt;/mn&gt;&lt;/msub&gt;&lt;/mrow&gt;&lt;/msubsup&gt;&lt;mi&gt;a&lt;/mi&gt;&lt;mi&gt;d&lt;/mi&gt;&lt;mi&gt;t&lt;/mi&gt;&lt;/math&gt;"&gt;&lt;/span&gt;&lt;/p&gt;
&lt;p&gt;1 = "Not at all familiar with this quantity"&lt;/p&gt;
&lt;p&gt;5 = "Very familiar with this quantity"&lt;/p&gt;
&lt;/div&gt;</mattext>
          </material>
          <response_lid ident="response1" rcardinality="Single">
            <render_choice>
              <response_label ident="47819">
                <material>
                  <mattext texttype="text/plain">1</mattext>
                </material>
              </response_label>
              <response_label ident="87411">
                <material>
                  <mattext texttype="text/plain">2</mattext>
                </material>
              </response_label>
              <response_label ident="4720">
                <material>
                  <mattext texttype="text/plain">3</mattext>
                </material>
              </response_label>
              <response_label ident="22326">
                <material>
                  <mattext texttype="text/plain">4</mattext>
                </material>
              </response_label>
              <response_label ident="83940">
                <material>
                  <mattext texttype="text/plain">5</mattext>
                </material>
              </response_label>
            </render_choice>
          </response_lid>
        </presentation>
        <resprocessing>
          <outcomes>
            <decvar maxvalue="100" minvalue="0" varname="SCORE" vartype="Decimal"/>
          </outcomes>
          <respcondition continue="No">
            <conditionvar>
              <varequal respident="response1">47819</varequal>
            </conditionvar>
            <setvar action="Set" varname="SCORE">100</setvar>
          </respcondition>
        </resprocessing>
      </item>
      <item ident="i13e0d4aa5ebb8fc0c305cc7b2716b38d" title="Force Displacement Integral 1251">
        <itemmetadata>
          <qtimetadata>
            <qtimetadatafield>
              <fieldlabel>question_type</fieldlabel>
              <fieldentry>multiple_choice_question</fieldentry>
            </qtimetadatafield>
            <qtimetadatafield>
              <fieldlabel>points_possible</fieldlabel>
              <fieldentry>1.0</fieldentry>
            </qtimetadatafield>
            <qtimetadatafield>
              <fieldlabel>original_answer_ids</fieldlabel>
              <fieldentry>26006,90555,73952,52845,47110</fieldentry>
            </qtimetadatafield>
            <qtimetadatafield>
              <fieldlabel>assessment_question_identifierref</fieldlabel>
              <fieldentry>if47b767d37e06559ff801f2d253307ba</fieldentry>
            </qtimetadatafield>
          </qtimetadata>
        </itemmetadata>
        <presentation>
          <material>
            <mattext texttype="text/html">&lt;div&gt;
&lt;p&gt;A particle with charge &lt;img class="equation_image" title="q" src="https://osu.instructure.com/equation_images/q" alt="q"&gt;&amp;nbsp;is placed on the &lt;img class="equation_image" title="x" src="https://osu.instructure.com/equation_images/x" alt="x"&gt;-axis in an electric field &lt;img class="equation_image" title="E" src="https://osu.instructure.com/equation_images/E" alt="E"&gt;. The force on the charged particle is &lt;img class="equation_image" title="F=qE" src="https://osu.instructure.com/equation_images/F%253DqE" alt="F=qE"&gt;&amp;nbsp;(in Newtons) between positions &lt;img class="equation_image" title="x=x_1" src="https://osu.instructure.com/equation_images/x%253Dx_1" alt="x=x_1"&gt;&amp;nbsp;and &lt;img class="equation_image" title="x=x_2" src="https://osu.instructure.com/equation_images/x%253Dx_2" alt="x=x_2"&gt;&amp;nbsp;(in meters).&amp;nbsp;&lt;/p&gt;
&lt;p&gt;How would you rank your familiarity with the following quantity?&lt;/p&gt;
&lt;p&gt;&lt;img class="equation_image" style="display: block; margin-left: auto; margin-right: auto;" title="\int^{x_2}_{x_1}qEdx" src="https://osu.instructure.com/equation_images/%255Cint%255E%257Bx_2%257D_%257Bx_1%257DqEdx" alt="\int^{x_2}_{x_1}qEdx"&gt;&lt;/p&gt;
&lt;p&gt;1 = "Not at all familiar with this quantity"&lt;/p&gt;
&lt;p&gt;5 = "Very familiar with this quantity"&lt;/p&gt;
&lt;/div&gt;</mattext>
          </material>
          <response_lid ident="response1" rcardinality="Single">
            <render_choice>
              <response_label ident="26006">
                <material>
                  <mattext texttype="text/plain">1</mattext>
                </material>
              </response_label>
              <response_label ident="90555">
                <material>
                  <mattext texttype="text/plain">2</mattext>
                </material>
              </response_label>
              <response_label ident="73952">
                <material>
                  <mattext texttype="text/plain">3</mattext>
                </material>
              </response_label>
              <response_label ident="52845">
                <material>
                  <mattext texttype="text/plain">4</mattext>
                </material>
              </response_label>
              <response_label ident="47110">
                <material>
                  <mattext texttype="text/plain">5</mattext>
                </material>
              </response_label>
            </render_choice>
          </response_lid>
        </presentation>
        <resprocessing>
          <outcomes>
            <decvar maxvalue="100" minvalue="0" varname="SCORE" vartype="Decimal"/>
          </outcomes>
          <respcondition continue="No">
            <conditionvar>
              <varequal respident="response1">26006</varequal>
            </conditionvar>
            <setvar action="Set" varname="SCORE">100</setvar>
          </respcondition>
        </resprocessing>
      </item>
      <item ident="ie7ba90e68dbdc2e025a1d2c8e6ae64a2" title="Acceleration Time Integral 1250">
        <itemmetadata>
          <qtimetadata>
            <qtimetadatafield>
              <fieldlabel>question_type</fieldlabel>
              <fieldentry>multiple_choice_question</fieldentry>
            </qtimetadatafield>
            <qtimetadatafield>
              <fieldlabel>points_possible</fieldlabel>
              <fieldentry>1.0</fieldentry>
            </qtimetadatafield>
            <qtimetadatafield>
              <fieldlabel>original_answer_ids</fieldlabel>
              <fieldentry>96874,88231,99121,7969,12368</fieldentry>
            </qtimetadatafield>
            <qtimetadatafield>
              <fieldlabel>assessment_question_identifierref</fieldlabel>
              <fieldentry>if47b767d37e06559ff801f2d253307ba</fieldentry>
            </qtimetadatafield>
          </qtimetadata>
        </itemmetadata>
        <presentation>
          <material>
            <mattext texttype="text/html">&lt;div&gt;
&lt;p&gt;A toy is suddenly pulled across the floor. Between times&amp;nbsp;&lt;img class="equation_image" title="t=t_1" src="https://osu.instructure.com/equation_images/t%253Dt_1" alt="t=t_1" data-mathml="&lt;math xmlns=&amp;quot;http://www.w3.org/1998/Math/MathML&amp;quot; display=&amp;quot;inline&amp;quot;&gt;&lt;mi&gt;t&lt;/mi&gt;&lt;mo&gt;=&lt;/mo&gt;&lt;msub&gt;&lt;mi&gt;t&lt;/mi&gt;&lt;mn&gt;1&lt;/mn&gt;&lt;/msub&gt;&lt;/math&gt;"&gt;&amp;nbsp;and&amp;nbsp;&lt;img class="equation_image" title="t=t_2" src="https://osu.instructure.com/equation_images/t%253Dt_2" alt="t=t_2" data-mathml="&lt;math xmlns=&amp;quot;http://www.w3.org/1998/Math/MathML&amp;quot; display=&amp;quot;inline&amp;quot;&gt;&lt;mi&gt;t&lt;/mi&gt;&lt;mo&gt;=&lt;/mo&gt;&lt;msub&gt;&lt;mi&gt;t&lt;/mi&gt;&lt;mn&gt;2&lt;/mn&gt;&lt;/msub&gt;&lt;/math&gt;"&gt;&amp;nbsp;(in seconds), the acceleration of the toy is&amp;nbsp;&lt;img class="equation_image" title="a" src="https://osu.instructure.com/equation_images/a" alt="a" data-mathml="&lt;math xmlns=&amp;quot;http://www.w3.org/1998/Math/MathML&amp;quot; display=&amp;quot;inline&amp;quot;&gt;&lt;mi&gt;a&lt;/mi&gt;&lt;/math&gt;"&gt;&amp;nbsp;(in meters/second&lt;sup&gt;2&lt;/sup&gt;).&lt;/p&gt;
&lt;p&gt;&lt;span&gt;How would you rank your familiarity with the following quantity?&lt;/span&gt;&lt;/p&gt;
&lt;p&gt;&lt;img class="equation_image" style="display: block; margin-left: auto; margin-right: auto;" title="\int^{t_2}_{t_1}adt" src="https://osu.instructure.com/equation_images/%255Cint%255E%257Bt_2%257D_%257Bt_1%257Dadt" alt="\int^{t_2}_{t_1}adt" data-mathml="&lt;math xmlns=&amp;quot;http://www.w3.org/1998/Math/MathML&amp;quot; display=&amp;quot;inline&amp;quot;&gt;&lt;msubsup&gt;&lt;mo&gt;&amp;amp;Integral;&lt;/mo&gt;&lt;mrow&gt;&lt;msub&gt;&lt;mi&gt;t&lt;/mi&gt;&lt;mn&gt;1&lt;/mn&gt;&lt;/msub&gt;&lt;/mrow&gt;&lt;mrow&gt;&lt;msub&gt;&lt;mi&gt;t&lt;/mi&gt;&lt;mn&gt;2&lt;/mn&gt;&lt;/msub&gt;&lt;/mrow&gt;&lt;/msubsup&gt;&lt;mi&gt;a&lt;/mi&gt;&lt;mi&gt;d&lt;/mi&gt;&lt;mi&gt;t&lt;/mi&gt;&lt;/math&gt;"&gt;&lt;/p&gt;
&lt;p&gt;1 = "Not at all familiar with this quantity"&lt;/p&gt;
&lt;p&gt;5 = "Very familiar with this quantity"&lt;/p&gt;
&lt;/div&gt;</mattext>
          </material>
          <response_lid ident="response1" rcardinality="Single">
            <render_choice>
              <response_label ident="96874">
                <material>
                  <mattext texttype="text/plain">1</mattext>
                </material>
              </response_label>
              <response_label ident="88231">
                <material>
                  <mattext texttype="text/plain">2</mattext>
                </material>
              </response_label>
              <response_label ident="99121">
                <material>
                  <mattext texttype="text/plain">3</mattext>
                </material>
              </response_label>
              <response_label ident="7969">
                <material>
                  <mattext texttype="text/plain">4</mattext>
                </material>
              </response_label>
              <response_label ident="12368">
                <material>
                  <mattext texttype="text/plain">5</mattext>
                </material>
              </response_label>
            </render_choice>
          </response_lid>
        </presentation>
        <resprocessing>
          <outcomes>
            <decvar maxvalue="100" minvalue="0" varname="SCORE" vartype="Decimal"/>
          </outcomes>
          <respcondition continue="No">
            <conditionvar>
              <varequal respident="response1">96874</varequal>
            </conditionvar>
            <setvar action="Set" varname="SCORE">100</setvar>
          </respcondition>
        </resprocessing>
      </item>
      <item ident="i16669ec9929ccb58f4162cc72ba5a452" title="Linear Charge Density Displacement Integral">
        <itemmetadata>
          <qtimetadata>
            <qtimetadatafield>
              <fieldlabel>question_type</fieldlabel>
              <fieldentry>multiple_choice_question</fieldentry>
            </qtimetadatafield>
            <qtimetadatafield>
              <fieldlabel>points_possible</fieldlabel>
              <fieldentry>1.0</fieldentry>
            </qtimetadatafield>
            <qtimetadatafield>
              <fieldlabel>original_answer_ids</fieldlabel>
              <fieldentry>46488,26574,17774,20655,52983</fieldentry>
            </qtimetadatafield>
            <qtimetadatafield>
              <fieldlabel>assessment_question_identifierref</fieldlabel>
              <fieldentry>if47b767d37e06559ff801f2d253307ba</fieldentry>
            </qtimetadatafield>
          </qtimetadata>
        </itemmetadata>
        <presentation>
          <material>
            <mattext texttype="text/html">&lt;div&gt;
&lt;p&gt;A wire has a linear charge density &lt;img class="equation_image" title="\lambda" src="https://osu.instructure.com/equation_images/%255Clambda" alt="\lambda"&gt;&amp;nbsp;(in Coulombs/meter) and lies along the &lt;img class="equation_image" title="x" src="https://osu.instructure.com/equation_images/x" alt="x"&gt;-axis between&amp;nbsp;&lt;img class="equation_image" title="x=x_1" src="https://osu.instructure.com/equation_images/x%253Dx_1" alt="x=x_1"&gt;&amp;nbsp;and&amp;nbsp;&lt;img class="equation_image" title="x=x_2" src="https://osu.instructure.com/equation_images/x%253Dx_2" alt="x=x_2"&gt;&amp;nbsp;(in meters).&lt;/p&gt;
&lt;p&gt;&lt;span&gt;How would you rank your familiarity with the following quantity?&lt;/span&gt;&lt;/p&gt;
&lt;p&gt;&lt;span&gt;&lt;img class="equation_image" style="display: block; margin-left: auto; margin-right: auto;" title="\int^{x_2}_{x_1}\lambda dx" src="https://osu.instructure.com/equation_images/%255Cint%255E%257Bx_2%257D_%257Bx_1%257D%255Clambda%2520dx" alt="\int^{x_2}_{x_1}\lambda dx"&gt;&lt;/span&gt;&lt;/p&gt;
&lt;p&gt;1 = "Not at all familiar with this quantity"&lt;/p&gt;
&lt;p&gt;5 = "Very familiar with this quantity"&lt;/p&gt;
&lt;/div&gt;</mattext>
          </material>
          <response_lid ident="response1" rcardinality="Single">
            <render_choice>
              <response_label ident="46488">
                <material>
                  <mattext texttype="text/plain">1</mattext>
                </material>
              </response_label>
              <response_label ident="26574">
                <material>
                  <mattext texttype="text/plain">2</mattext>
                </material>
              </response_label>
              <response_label ident="17774">
                <material>
                  <mattext texttype="text/plain">3</mattext>
                </material>
              </response_label>
              <response_label ident="20655">
                <material>
                  <mattext texttype="text/plain">4</mattext>
                </material>
              </response_label>
              <response_label ident="52983">
                <material>
                  <mattext texttype="text/plain">5</mattext>
                </material>
              </response_label>
            </render_choice>
          </response_lid>
        </presentation>
        <resprocessing>
          <outcomes>
            <decvar maxvalue="100" minvalue="0" varname="SCORE" vartype="Decimal"/>
          </outcomes>
          <respcondition continue="No">
            <conditionvar>
              <varequal respident="response1">46488</varequal>
            </conditionvar>
            <setvar action="Set" varname="SCORE">100</setvar>
          </respcondition>
        </resprocessing>
      </item>
      <item ident="i99c51181d1ce22ac875bbdfc53eca671" title="Force Displacement Integral 1250">
        <itemmetadata>
          <qtimetadata>
            <qtimetadatafield>
              <fieldlabel>question_type</fieldlabel>
              <fieldentry>multiple_choice_question</fieldentry>
            </qtimetadatafield>
            <qtimetadatafield>
              <fieldlabel>points_possible</fieldlabel>
              <fieldentry>1.0</fieldentry>
            </qtimetadatafield>
            <qtimetadatafield>
              <fieldlabel>original_answer_ids</fieldlabel>
              <fieldentry>33051,32766,84436,23118,88992</fieldentry>
            </qtimetadatafield>
            <qtimetadatafield>
              <fieldlabel>assessment_question_identifierref</fieldlabel>
              <fieldentry>if47b767d37e06559ff801f2d253307ba</fieldentry>
            </qtimetadatafield>
          </qtimetadata>
        </itemmetadata>
        <presentation>
          <material>
            <mattext texttype="text/html">&lt;div&gt;
&lt;p&gt;A worker pushes a cart&amp;nbsp;along the&amp;nbsp;&lt;img class="equation_image" title="x" src="https://osu.instructure.com/equation_images/x" alt="x" data-mathml="&lt;math xmlns=&amp;quot;http://www.w3.org/1998/Math/MathML&amp;quot; display=&amp;quot;inline&amp;quot;&gt;&lt;mi&gt;x&lt;/mi&gt;&lt;/math&gt;"&gt;-axis. Between positions&amp;nbsp;&lt;img class="equation_image" title="x=x_1" src="https://osu.instructure.com/equation_images/x%253Dx_1" alt="x=x_1" data-mathml="&lt;math xmlns=&amp;quot;http://www.w3.org/1998/Math/MathML&amp;quot; display=&amp;quot;inline&amp;quot;&gt;&lt;mi&gt;x&lt;/mi&gt;&lt;mo&gt;=&lt;/mo&gt;&lt;msub&gt;&lt;mi&gt;x&lt;/mi&gt;&lt;mn&gt;1&lt;/mn&gt;&lt;/msub&gt;&lt;/math&gt;"&gt;&amp;nbsp;and&amp;nbsp;&lt;img class="equation_image" title="x=x_2" src="https://osu.instructure.com/equation_images/x%253Dx_2" alt="x=x_2" data-mathml="&lt;math xmlns=&amp;quot;http://www.w3.org/1998/Math/MathML&amp;quot; display=&amp;quot;inline&amp;quot;&gt;&lt;mi&gt;x&lt;/mi&gt;&lt;mo&gt;=&lt;/mo&gt;&lt;msub&gt;&lt;mi&gt;x&lt;/mi&gt;&lt;mn&gt;2&lt;/mn&gt;&lt;/msub&gt;&lt;/math&gt;"&gt;&amp;nbsp;(in meters), the worker&amp;nbsp;applies a force&amp;nbsp;&lt;img class="equation_image" title="F" src="https://osu.instructure.com/equation_images/F" alt="F" data-mathml="&lt;math xmlns=&amp;quot;http://www.w3.org/1998/Math/MathML&amp;quot; display=&amp;quot;inline&amp;quot;&gt;&lt;mi&gt;F&lt;/mi&gt;&lt;/math&gt;"&gt;&amp;nbsp;(in Newtons).&lt;/p&gt;
&lt;p&gt;&lt;span&gt;How would you rank your familiarity with the following quantity?&lt;/span&gt;&lt;/p&gt;
&lt;p&gt;&lt;img class="equation_image" style="display: block; margin-left: auto; margin-right: auto;" title="\int^{x_2}_{x_1}Fdx" src="https://osu.instructure.com/equation_images/%255Cint%255E%257Bx_2%257D_%257Bx_1%257DFdx" alt="\int^{x_2}_{x_1}Fdx" data-mathml="&lt;math xmlns=&amp;quot;http://www.w3.org/1998/Math/MathML&amp;quot; display=&amp;quot;inline&amp;quot;&gt;&lt;msubsup&gt;&lt;mo&gt;&amp;amp;Integral;&lt;/mo&gt;&lt;mrow&gt;&lt;msub&gt;&lt;mi&gt;x&lt;/mi&gt;&lt;mn&gt;1&lt;/mn&gt;&lt;/msub&gt;&lt;/mrow&gt;&lt;mrow&gt;&lt;msub&gt;&lt;mi&gt;x&lt;/mi&gt;&lt;mn&gt;2&lt;/mn&gt;&lt;/msub&gt;&lt;/mrow&gt;&lt;/msubsup&gt;&lt;mi&gt;F&lt;/mi&gt;&lt;mi&gt;d&lt;/mi&gt;&lt;mi&gt;x&lt;/mi&gt;&lt;/math&gt;"&gt;&lt;/p&gt;
&lt;p&gt;1 = "Not at all familiar with this quantity"&lt;/p&gt;
&lt;p&gt;5 = "Very familiar with this quantity"&lt;/p&gt;
&lt;/div&gt;</mattext>
          </material>
          <response_lid ident="response1" rcardinality="Single">
            <render_choice>
              <response_label ident="33051">
                <material>
                  <mattext texttype="text/plain">1</mattext>
                </material>
              </response_label>
              <response_label ident="32766">
                <material>
                  <mattext texttype="text/plain">2</mattext>
                </material>
              </response_label>
              <response_label ident="84436">
                <material>
                  <mattext texttype="text/plain">3</mattext>
                </material>
              </response_label>
              <response_label ident="23118">
                <material>
                  <mattext texttype="text/plain">4</mattext>
                </material>
              </response_label>
              <response_label ident="88992">
                <material>
                  <mattext texttype="text/plain">5</mattext>
                </material>
              </response_label>
            </render_choice>
          </response_lid>
        </presentation>
        <resprocessing>
          <outcomes>
            <decvar maxvalue="100" minvalue="0" varname="SCORE" vartype="Decimal"/>
          </outcomes>
          <respcondition continue="No">
            <conditionvar>
              <varequal respident="response1">33051</varequal>
            </conditionvar>
            <setvar action="Set" varname="SCORE">100</setvar>
          </respcondition>
        </resprocessing>
      </item>
      <item ident="i9cd071052366667c16721fedb2ee80e5" title="A B Integral">
        <itemmetadata>
          <qtimetadata>
            <qtimetadatafield>
              <fieldlabel>question_type</fieldlabel>
              <fieldentry>multiple_choice_question</fieldentry>
            </qtimetadatafield>
            <qtimetadatafield>
              <fieldlabel>points_possible</fieldlabel>
              <fieldentry>1.0</fieldentry>
            </qtimetadatafield>
            <qtimetadatafield>
              <fieldlabel>original_answer_ids</fieldlabel>
              <fieldentry>5348,36146,30597,42429,2822</fieldentry>
            </qtimetadatafield>
            <qtimetadatafield>
              <fieldlabel>assessment_question_identifierref</fieldlabel>
              <fieldentry>if47b767d37e06559ff801f2d253307ba</fieldentry>
            </qtimetadatafield>
          </qtimetadata>
        </itemmetadata>
        <presentation>
          <material>
            <mattext texttype="text/html">&lt;div&gt;
&lt;p&gt;A student is solving a physics&amp;nbsp;problem with unfamiliar variables&amp;nbsp;&lt;img class="equation_image" title="A" src="https://osu.instructure.com/equation_images/A" alt="A" data-mathml="&lt;math xmlns=&amp;quot;http://www.w3.org/1998/Math/MathML&amp;quot; display=&amp;quot;inline&amp;quot;&gt;&lt;mi&gt;A&lt;/mi&gt;&lt;/math&gt;"&gt;&amp;nbsp;&amp;nbsp;(in units of A) and&amp;nbsp;&lt;img class="equation_image" title="B" src="https://osu.instructure.com/equation_images/B" alt="B" data-mathml="&lt;math xmlns=&amp;quot;http://www.w3.org/1998/Math/MathML&amp;quot; display=&amp;quot;inline&amp;quot;&gt;&lt;mi&gt;B&lt;/mi&gt;&lt;/math&gt;"&gt;&amp;nbsp;(in units of B), which ranges from&amp;nbsp;&lt;img class="equation_image" title="B=B_1" src="https://osu.instructure.com/equation_images/B%253DB_1" alt="B=B_1" data-mathml="&lt;math xmlns=&amp;quot;http://www.w3.org/1998/Math/MathML&amp;quot; display=&amp;quot;inline&amp;quot;&gt;&lt;mi&gt;B&lt;/mi&gt;&lt;mo&gt;=&lt;/mo&gt;&lt;msub&gt;&lt;mi&gt;B&lt;/mi&gt;&lt;mn&gt;1&lt;/mn&gt;&lt;/msub&gt;&lt;/math&gt;"&gt;&amp;nbsp;to&amp;nbsp;&lt;img class="equation_image" title="B=B_2" src="https://osu.instructure.com/equation_images/B%253DB_2" alt="B=B_2" data-mathml="&lt;math xmlns=&amp;quot;http://www.w3.org/1998/Math/MathML&amp;quot; display=&amp;quot;inline&amp;quot;&gt;&lt;mi&gt;B&lt;/mi&gt;&lt;mo&gt;=&lt;/mo&gt;&lt;msub&gt;&lt;mi&gt;B&lt;/mi&gt;&lt;mn&gt;2&lt;/mn&gt;&lt;/msub&gt;&lt;/math&gt;"&gt;.&amp;nbsp;The student knows that these symbols represent physical quantities with units, but the context is unknown.&lt;/p&gt;
&lt;p&gt;&lt;span&gt;How would you rank your familiarity with the following quantity?&lt;/span&gt;&lt;/p&gt;
&lt;p&gt;&lt;img class="equation_image" style="display: block; margin-left: auto; margin-right: auto;" title="\int^{B_2}_{B_1}AdB" src="https://osu.instructure.com/equation_images/%255Cint%255E%257BB_2%257D_%257BB_1%257DAdB" alt="\int^{B_2}_{B_1}AdB" data-mathml="&lt;math xmlns=&amp;quot;http://www.w3.org/1998/Math/MathML&amp;quot; display=&amp;quot;inline&amp;quot;&gt;&lt;msubsup&gt;&lt;mo&gt;&amp;amp;Integral;&lt;/mo&gt;&lt;mrow&gt;&lt;msub&gt;&lt;mi&gt;B&lt;/mi&gt;&lt;mn&gt;1&lt;/mn&gt;&lt;/msub&gt;&lt;/mrow&gt;&lt;mrow&gt;&lt;msub&gt;&lt;mi&gt;B&lt;/mi&gt;&lt;mn&gt;2&lt;/mn&gt;&lt;/msub&gt;&lt;/mrow&gt;&lt;/msubsup&gt;&lt;mi&gt;A&lt;/mi&gt;&lt;mi&gt;d&lt;/mi&gt;&lt;mi&gt;B&lt;/mi&gt;&lt;/math&gt;"&gt;&lt;/p&gt;
&lt;p&gt;1 = "Not at all familiar with this quantity"&lt;/p&gt;
&lt;p&gt;5 = "Very familiar with this quantity"&lt;/p&gt;
&lt;/div&gt;</mattext>
          </material>
          <response_lid ident="response1" rcardinality="Single">
            <render_choice>
              <response_label ident="5348">
                <material>
                  <mattext texttype="text/plain">1</mattext>
                </material>
              </response_label>
              <response_label ident="36146">
                <material>
                  <mattext texttype="text/plain">2</mattext>
                </material>
              </response_label>
              <response_label ident="30597">
                <material>
                  <mattext texttype="text/plain">3</mattext>
                </material>
              </response_label>
              <response_label ident="42429">
                <material>
                  <mattext texttype="text/plain">4</mattext>
                </material>
              </response_label>
              <response_label ident="2822">
                <material>
                  <mattext texttype="text/plain">5</mattext>
                </material>
              </response_label>
            </render_choice>
          </response_lid>
        </presentation>
        <resprocessing>
          <outcomes>
            <decvar maxvalue="100" minvalue="0" varname="SCORE" vartype="Decimal"/>
          </outcomes>
          <respcondition continue="No">
            <conditionvar>
              <varequal respident="response1">5348</varequal>
            </conditionvar>
            <setvar action="Set" varname="SCORE">100</setvar>
          </respcondition>
        </resprocessing>
      </item>
    </section>
  </assessment>
</questestinterop>
