<?xml version="1.0" encoding="UTF-8"?>
<manifest identifier="i9f6ee326e4ce4403752a323b7e66ff89" xmlns="http://www.imsglobal.org/xsd/imsccv1p1/imscp_v1p1" xmlns:lom="http://ltsc.ieee.org/xsd/imsccv1p1/LOM/resource" xmlns:imsmd="http://www.imsglobal.org/xsd/imsmd_v1p2" xmlns:xsi="http://www.w3.org/2001/XMLSchema-instance" xsi:schemaLocation="http://www.imsglobal.org/xsd/imsccv1p1/imscp_v1p1 http://www.imsglobal.org/xsd/imscp_v1p1.xsd http://ltsc.ieee.org/xsd/imsccv1p1/LOM/resource http://www.imsglobal.org/profile/cc/ccv1p1/LOM/ccv1p1_lomresource_v1p0.xsd http://www.imsglobal.org/xsd/imsmd_v1p2 http://www.imsglobal.org/xsd/imsmd_v1p2p2.xsd">
  <metadata>
    <schema>IMS Content</schema>
    <schemaversion>1.1.3</schemaversion>
    <imsmd:lom>
      <imsmd:general>
        <imsmd:title>
          <imsmd:string>QTI Quiz Export for course "Master Course - SP17 - Physics 1251 Flex Homework"</imsmd:string>
        </imsmd:title>
      </imsmd:general>
      <imsmd:lifeCycle>
        <imsmd:contribute>
          <imsmd:date>
            <imsmd:dateTime>2023-11-06</imsmd:dateTime>
          </imsmd:date>
        </imsmd:contribute>
      </imsmd:lifeCycle>
      <imsmd:rights>
        <imsmd:copyrightAndOtherRestrictions>
          <imsmd:value>yes</imsmd:value>
        </imsmd:copyrightAndOtherRestrictions>
        <imsmd:description>
          <imsmd:string>Private (Copyrighted) - http://en.wikipedia.org/wiki/Copyright</imsmd:string>
        </imsmd:description>
      </imsmd:rights>
    </imsmd:lom>
  </metadata>
  <organizations/>
  <resources>
    <resource identifier="idd54ab70774b3002fa65dc37fa962c53" type="imsqti_xmlv1p2">
      <file href="idd54ab70774b3002fa65dc37fa962c53/idd54ab70774b3002fa65dc37fa962c53.xml"/>
      <dependency identifierref="i94ebe48c87c7e591f2218e43b1bf23d3"/>
    </resource>
    <resource identifier="i94ebe48c87c7e591f2218e43b1bf23d3" type="associatedcontent/imscc_xmlv1p1/learning-application-resource" href="idd54ab70774b3002fa65dc37fa962c53/assessment_meta.xml">
      <file href="idd54ab70774b3002fa65dc37fa962c53/assessment_meta.xml"/>
    </resource>
    <resource identifier="i2e2d46a43f96c362a7f3f15ed0850041" type="imsqti_xmlv1p2">
      <file href="i2e2d46a43f96c362a7f3f15ed0850041/i2e2d46a43f96c362a7f3f15ed0850041.xml"/>
      <dependency identifierref="i8c774af4ab25a3459838ec4d9ed92e2c"/>
    </resource>
    <resource identifier="i8c774af4ab25a3459838ec4d9ed92e2c" type="associatedcontent/imscc_xmlv1p1/learning-application-resource" href="i2e2d46a43f96c362a7f3f15ed0850041/assessment_meta.xml">
      <file href="i2e2d46a43f96c362a7f3f15ed0850041/assessment_meta.xml"/>
    </resource>
    <resource identifier="i2abf039e597c51f0d0218db46165d62c" type="imsqti_xmlv1p2">
      <file href="i2abf039e597c51f0d0218db46165d62c/i2abf039e597c51f0d0218db46165d62c.xml"/>
      <dependency identifierref="id39da46e910fb175203fb6edc70c9a3b"/>
    </resource>
    <resource identifier="id39da46e910fb175203fb6edc70c9a3b" type="associatedcontent/imscc_xmlv1p1/learning-application-resource" href="i2abf039e597c51f0d0218db46165d62c/assessment_meta.xml">
      <file href="i2abf039e597c51f0d0218db46165d62c/assessment_meta.xml"/>
    </resource>
    <resource identifier="i6bc39d420ceaa443381523a895f59d65" type="imsqti_xmlv1p2">
      <file href="i6bc39d420ceaa443381523a895f59d65/i6bc39d420ceaa443381523a895f59d65.xml"/>
      <dependency identifierref="id51afec1488dde96045723fbdbe83e53"/>
    </resource>
    <resource identifier="id51afec1488dde96045723fbdbe83e53" type="associatedcontent/imscc_xmlv1p1/learning-application-resource" href="i6bc39d420ceaa443381523a895f59d65/assessment_meta.xml">
      <file href="i6bc39d420ceaa443381523a895f59d65/assessment_meta.xml"/>
    </resource>
    <resource identifier="ie163b8463fdb6f585e39a08bb0b25944" type="imsqti_xmlv1p2">
      <file href="ie163b8463fdb6f585e39a08bb0b25944/ie163b8463fdb6f585e39a08bb0b25944.xml"/>
      <dependency identifierref="i0b5c8f87602e96c3d50b20d8c74612a2"/>
    </resource>
    <resource identifier="i0b5c8f87602e96c3d50b20d8c74612a2" type="associatedcontent/imscc_xmlv1p1/learning-application-resource" href="ie163b8463fdb6f585e39a08bb0b25944/assessment_meta.xml">
      <file href="ie163b8463fdb6f585e39a08bb0b25944/assessment_meta.xml"/>
    </resource>
    <resource identifier="i778a8e48e2f8d07f17af14cd972d96bf" type="imsqti_xmlv1p2">
      <file href="i778a8e48e2f8d07f17af14cd972d96bf/i778a8e48e2f8d07f17af14cd972d96bf.xml"/>
      <dependency identifierref="i396be8561b3712daeaab95e243d49ae3"/>
    </resource>
    <resource identifier="i396be8561b3712daeaab95e243d49ae3" type="associatedcontent/imscc_xmlv1p1/learning-application-resource" href="i778a8e48e2f8d07f17af14cd972d96bf/assessment_meta.xml">
      <file href="i778a8e48e2f8d07f17af14cd972d96bf/assessment_meta.xml"/>
    </resource>
    <resource identifier="ida02cd601d3a39f1b149c3b0fcc46445" type="imsqti_xmlv1p2">
      <file href="ida02cd601d3a39f1b149c3b0fcc46445/ida02cd601d3a39f1b149c3b0fcc46445.xml"/>
      <dependency identifierref="idffb0bd1fe9da9312cde196130f601fc"/>
    </resource>
    <resource identifier="idffb0bd1fe9da9312cde196130f601fc" type="associatedcontent/imscc_xmlv1p1/learning-application-resource" href="ida02cd601d3a39f1b149c3b0fcc46445/assessment_meta.xml">
      <file href="ida02cd601d3a39f1b149c3b0fcc46445/assessment_meta.xml"/>
    </resource>
    <resource identifier="ie307125425873683bfca0155819244be" type="imsqti_xmlv1p2">
      <file href="ie307125425873683bfca0155819244be/ie307125425873683bfca0155819244be.xml"/>
      <dependency identifierref="i12601e606114a8d1a4f810aadeefb160"/>
    </resource>
    <resource identifier="i12601e606114a8d1a4f810aadeefb160" type="associatedcontent/imscc_xmlv1p1/learning-application-resource" href="ie307125425873683bfca0155819244be/assessment_meta.xml">
      <file href="ie307125425873683bfca0155819244be/assessment_meta.xml"/>
    </resource>
    <resource identifier="i6cc2e2c811f2b27162b87754f4c8441d" type="imsqti_xmlv1p2">
      <file href="i6cc2e2c811f2b27162b87754f4c8441d/i6cc2e2c811f2b27162b87754f4c8441d.xml"/>
      <dependency identifierref="i8c8e056988b0fc1480917ab25a043256"/>
    </resource>
    <resource identifier="i8c8e056988b0fc1480917ab25a043256" type="associatedcontent/imscc_xmlv1p1/learning-application-resource" href="i6cc2e2c811f2b27162b87754f4c8441d/assessment_meta.xml">
      <file href="i6cc2e2c811f2b27162b87754f4c8441d/assessment_meta.xml"/>
    </resource>
    <resource identifier="i77d5fa031327bd0bbec6266e77643d15" type="imsqti_xmlv1p2">
      <file href="i77d5fa031327bd0bbec6266e77643d15/i77d5fa031327bd0bbec6266e77643d15.xml"/>
      <dependency identifierref="i4ceed55927fe1905d3b05b17ec0e9d93"/>
    </resource>
    <resource identifier="i4ceed55927fe1905d3b05b17ec0e9d93" type="associatedcontent/imscc_xmlv1p1/learning-application-resource" href="i77d5fa031327bd0bbec6266e77643d15/assessment_meta.xml">
      <file href="i77d5fa031327bd0bbec6266e77643d15/assessment_meta.xml"/>
    </resource>
    <resource identifier="ie0fd5411079a73bee5cc86df982855bd" type="imsqti_xmlv1p2">
      <file href="ie0fd5411079a73bee5cc86df982855bd/ie0fd5411079a73bee5cc86df982855bd.xml"/>
      <dependency identifierref="ie5c0bb5f67551407ddcab2235f434118"/>
    </resource>
    <resource identifier="ie5c0bb5f67551407ddcab2235f434118" type="associatedcontent/imscc_xmlv1p1/learning-application-resource" href="ie0fd5411079a73bee5cc86df982855bd/assessment_meta.xml">
      <file href="ie0fd5411079a73bee5cc86df982855bd/assessment_meta.xml"/>
    </resource>
    <resource identifier="ie140e5474f425d5f1e2d75e6fc4be3ef" type="imsqti_xmlv1p2">
      <file href="ie140e5474f425d5f1e2d75e6fc4be3ef/ie140e5474f425d5f1e2d75e6fc4be3ef.xml"/>
      <dependency identifierref="i288597cd17d6c770203b3e39f3b42aac"/>
    </resource>
    <resource identifier="i288597cd17d6c770203b3e39f3b42aac" type="associatedcontent/imscc_xmlv1p1/learning-application-resource" href="ie140e5474f425d5f1e2d75e6fc4be3ef/assessment_meta.xml">
      <file href="ie140e5474f425d5f1e2d75e6fc4be3ef/assessment_meta.xml"/>
    </resource>
    <resource identifier="i33a5b678303c5d42c3f2a62c7d536f38" type="imsqti_xmlv1p2">
      <file href="i33a5b678303c5d42c3f2a62c7d536f38/i33a5b678303c5d42c3f2a62c7d536f38.xml"/>
      <dependency identifierref="ibf693ebe5f57f8bec92ea0aec5b82e8f"/>
    </resource>
    <resource identifier="ibf693ebe5f57f8bec92ea0aec5b82e8f" type="associatedcontent/imscc_xmlv1p1/learning-application-resource" href="i33a5b678303c5d42c3f2a62c7d536f38/assessment_meta.xml">
      <file href="i33a5b678303c5d42c3f2a62c7d536f38/assessment_meta.xml"/>
    </resource>
    <resource identifier="i2721af77ae1fb0088e93d4dba6d4ff8a" type="imsqti_xmlv1p2">
      <file href="i2721af77ae1fb0088e93d4dba6d4ff8a/i2721af77ae1fb0088e93d4dba6d4ff8a.xml"/>
      <dependency identifierref="i2045caaf010005766da74c708b9aaa21"/>
    </resource>
    <resource identifier="i2045caaf010005766da74c708b9aaa21" type="associatedcontent/imscc_xmlv1p1/learning-application-resource" href="i2721af77ae1fb0088e93d4dba6d4ff8a/assessment_meta.xml">
      <file href="i2721af77ae1fb0088e93d4dba6d4ff8a/assessment_meta.xml"/>
    </resource>
    <resource identifier="iedb3900fb472f61329ca7543dc1e20ea" type="imsqti_xmlv1p2">
      <file href="iedb3900fb472f61329ca7543dc1e20ea/iedb3900fb472f61329ca7543dc1e20ea.xml"/>
      <dependency identifierref="ibdaf90ad77997e97464bb4664317521d"/>
    </resource>
    <resource identifier="ibdaf90ad77997e97464bb4664317521d" type="associatedcontent/imscc_xmlv1p1/learning-application-resource" href="iedb3900fb472f61329ca7543dc1e20ea/assessment_meta.xml">
      <file href="iedb3900fb472f61329ca7543dc1e20ea/assessment_meta.xml"/>
    </resource>
    <resource identifier="iea7f77fb6b226c7cd31c73a5ce257c0e" type="imsqti_xmlv1p2">
      <file href="iea7f77fb6b226c7cd31c73a5ce257c0e/iea7f77fb6b226c7cd31c73a5ce257c0e.xml"/>
      <dependency identifierref="i4cb3d14a9f634ee052e8c384b37e7ea6"/>
    </resource>
    <resource identifier="i4cb3d14a9f634ee052e8c384b37e7ea6" type="associatedcontent/imscc_xmlv1p1/learning-application-resource" href="iea7f77fb6b226c7cd31c73a5ce257c0e/assessment_meta.xml">
      <file href="iea7f77fb6b226c7cd31c73a5ce257c0e/assessment_meta.xml"/>
    </resource>
    <resource identifier="iebca4f747d83f28792e489b6f302c074" type="imsqti_xmlv1p2">
      <file href="iebca4f747d83f28792e489b6f302c074/iebca4f747d83f28792e489b6f302c074.xml"/>
      <dependency identifierref="ia6c0e3bb0fbb34170172056f248490aa"/>
    </resource>
    <resource identifier="ia6c0e3bb0fbb34170172056f248490aa" type="associatedcontent/imscc_xmlv1p1/learning-application-resource" href="iebca4f747d83f28792e489b6f302c074/assessment_meta.xml">
      <file href="iebca4f747d83f28792e489b6f302c074/assessment_meta.xml"/>
    </resource>
    <resource identifier="i9d063f5d31bb38ef976ea97f0e9c4070" type="imsqti_xmlv1p2">
      <file href="i9d063f5d31bb38ef976ea97f0e9c4070/i9d063f5d31bb38ef976ea97f0e9c4070.xml"/>
      <dependency identifierref="iecbdcb62d2eeb957b91611dbe0bc1bf4"/>
    </resource>
    <resource identifier="iecbdcb62d2eeb957b91611dbe0bc1bf4" type="associatedcontent/imscc_xmlv1p1/learning-application-resource" href="i9d063f5d31bb38ef976ea97f0e9c4070/assessment_meta.xml">
      <file href="i9d063f5d31bb38ef976ea97f0e9c4070/assessment_meta.xml"/>
    </resource>
    <resource identifier="ia8d83880ebe1db53e630eb10ad94941e" type="imsqti_xmlv1p2">
      <file href="ia8d83880ebe1db53e630eb10ad94941e/ia8d83880ebe1db53e630eb10ad94941e.xml"/>
      <dependency identifierref="ic207a690c870651a1ac8b18559f22ed8"/>
    </resource>
    <resource identifier="ic207a690c870651a1ac8b18559f22ed8" type="associatedcontent/imscc_xmlv1p1/learning-application-resource" href="ia8d83880ebe1db53e630eb10ad94941e/assessment_meta.xml">
      <file href="ia8d83880ebe1db53e630eb10ad94941e/assessment_meta.xml"/>
    </resource>
    <resource identifier="i740770c2258280b80cf37fd6f9a66a93" type="imsqti_xmlv1p2">
      <file href="i740770c2258280b80cf37fd6f9a66a93/i740770c2258280b80cf37fd6f9a66a93.xml"/>
      <dependency identifierref="i38d1895d328ebaf7e3e4fe86c81e0b00"/>
    </resource>
    <resource identifier="i38d1895d328ebaf7e3e4fe86c81e0b00" type="associatedcontent/imscc_xmlv1p1/learning-application-resource" href="i740770c2258280b80cf37fd6f9a66a93/assessment_meta.xml">
      <file href="i740770c2258280b80cf37fd6f9a66a93/assessment_meta.xml"/>
    </resource>
    <resource identifier="ia902c15a8cab66605c77f2c71345bf1a" type="imsqti_xmlv1p2">
      <file href="ia902c15a8cab66605c77f2c71345bf1a/ia902c15a8cab66605c77f2c71345bf1a.xml"/>
      <dependency identifierref="i1313924f785cb91a8f90a5b5dfb9b9bf"/>
    </resource>
    <resource identifier="i1313924f785cb91a8f90a5b5dfb9b9bf" type="associatedcontent/imscc_xmlv1p1/learning-application-resource" href="ia902c15a8cab66605c77f2c71345bf1a/assessment_meta.xml">
      <file href="ia902c15a8cab66605c77f2c71345bf1a/assessment_meta.xml"/>
    </resource>
    <resource identifier="icaeb4ee97b63b6ed4b9b84a6f734b531" type="imsqti_xmlv1p2">
      <file href="icaeb4ee97b63b6ed4b9b84a6f734b531/icaeb4ee97b63b6ed4b9b84a6f734b531.xml"/>
      <dependency identifierref="ia79b249e4e2f4dfb1f585d003aa73de9"/>
    </resource>
    <resource identifier="ia79b249e4e2f4dfb1f585d003aa73de9" type="associatedcontent/imscc_xmlv1p1/learning-application-resource" href="icaeb4ee97b63b6ed4b9b84a6f734b531/assessment_meta.xml">
      <file href="icaeb4ee97b63b6ed4b9b84a6f734b531/assessment_meta.xml"/>
    </resource>
    <resource identifier="ib427d4cdbfbdca9f4eb6eab29e00009b" type="imsqti_xmlv1p2">
      <file href="ib427d4cdbfbdca9f4eb6eab29e00009b/ib427d4cdbfbdca9f4eb6eab29e00009b.xml"/>
      <dependency identifierref="i4e95de46e2c2f7bdc4590bdbea57b348"/>
    </resource>
    <resource identifier="i4e95de46e2c2f7bdc4590bdbea57b348" type="associatedcontent/imscc_xmlv1p1/learning-application-resource" href="ib427d4cdbfbdca9f4eb6eab29e00009b/assessment_meta.xml">
      <file href="ib427d4cdbfbdca9f4eb6eab29e00009b/assessment_meta.xml"/>
    </resource>
    <resource identifier="i5adcb3e73e41c1d23d31cafee3b6847f" type="imsqti_xmlv1p2">
      <file href="i5adcb3e73e41c1d23d31cafee3b6847f/i5adcb3e73e41c1d23d31cafee3b6847f.xml"/>
      <dependency identifierref="i9959d084205a9cb2cc5dbacfec221f12"/>
    </resource>
    <resource identifier="i9959d084205a9cb2cc5dbacfec221f12" type="associatedcontent/imscc_xmlv1p1/learning-application-resource" href="i5adcb3e73e41c1d23d31cafee3b6847f/assessment_meta.xml">
      <file href="i5adcb3e73e41c1d23d31cafee3b6847f/assessment_meta.xml"/>
    </resource>
    <resource identifier="i92c2848df2258e4b9a1cc83e9b6a53b1" type="imsqti_xmlv1p2">
      <file href="i92c2848df2258e4b9a1cc83e9b6a53b1/i92c2848df2258e4b9a1cc83e9b6a53b1.xml"/>
      <dependency identifierref="i7b0582eb9889333d124aa771fc8e1900"/>
    </resource>
    <resource identifier="i7b0582eb9889333d124aa771fc8e1900" type="associatedcontent/imscc_xmlv1p1/learning-application-resource" href="i92c2848df2258e4b9a1cc83e9b6a53b1/assessment_meta.xml">
      <file href="i92c2848df2258e4b9a1cc83e9b6a53b1/assessment_meta.xml"/>
    </resource>
    <resource identifier="i078ce051190f730e0e9b32665a1b3ee8" type="webcontent" href="Static_2D_Fig_NN.png">
      <file href="Static_2D_Fig_NN.png"/>
    </resource>
    <resource identifier="i8185ef944fb9669af33e42a02dfb493d" type="webcontent" href="Static_2D_Fig_NP_Fixed.png">
      <file href="Static_2D_Fig_NP_Fixed.png"/>
    </resource>
    <resource identifier="i1b5c22ed8b53a25d8c7b5432d7f62eb6" type="webcontent" href="Static_2D_Fig_PP.png">
      <file href="Static_2D_Fig_PP.png"/>
    </resource>
    <resource identifier="i5466238805ab96dee76880928932fc96" type="webcontent" href="Static_3D_Figures_N_x.png">
      <file href="Static_3D_Figures_N_x.png"/>
    </resource>
    <resource identifier="id38382a399b4dcd91ffb4415a1aa24f5" type="webcontent" href="Static_3D_Figures_N_xorig.png">
      <file href="Static_3D_Figures_N_xorig.png"/>
    </resource>
    <resource identifier="icf8827237d36399d53d1a0a295f00ba0" type="webcontent" href="Static_3D_Figures_N_xy.png">
      <file href="Static_3D_Figures_N_xy.png"/>
    </resource>
    <resource identifier="i6d1db6f636ab765470104c4bedb0b3f5" type="webcontent" href="Static_3D_Figures_N_y.png">
      <file href="Static_3D_Figures_N_y.png"/>
    </resource>
    <resource identifier="i8cd613344b59437d5de3707d0d5ee55b" type="webcontent" href="Static_3D_Figures_PN1pre.png">
      <file href="Static_3D_Figures_PN1pre.png"/>
    </resource>
    <resource identifier="i531c2496b01714796207b3eedc885b64" type="webcontent" href="Static_3D_Figures_PN2pre.png">
      <file href="Static_3D_Figures_PN2pre.png"/>
    </resource>
    <resource identifier="i99f914b75bc348a34059630ba5e2f8fc" type="webcontent" href="Static_3D_Figures_PN3pre.png">
      <file href="Static_3D_Figures_PN3pre.png"/>
    </resource>
    <resource identifier="ib70cf291a6f2d6a6e702b6c1da2d28eb" type="webcontent" href="Static_3D_Figures_PN4pre.png">
      <file href="Static_3D_Figures_PN4pre.png"/>
    </resource>
    <resource identifier="i544535bb2010e5cf750f1bb5b904c2ea" type="webcontent" href="Static_3D_Figures_PP1pre.png">
      <file href="Static_3D_Figures_PP1pre.png"/>
    </resource>
    <resource identifier="i79088d43286deb19bb34e149db79dcc7" type="webcontent" href="Static_3D_Figures_PP2pre.png">
      <file href="Static_3D_Figures_PP2pre.png"/>
    </resource>
    <resource identifier="iae505076c40ab5c61b5a0b9a5b23da25" type="webcontent" href="Static_3D_Figures_PP3pre.png">
      <file href="Static_3D_Figures_PP3pre.png"/>
    </resource>
    <resource identifier="i9f7001213f0b4838be7eb2fc20aa5743" type="webcontent" href="Static_3D_Figures_PP4pre.png">
      <file href="Static_3D_Figures_PP4pre.png"/>
    </resource>
    <resource identifier="ib27260cedde22f655b780124e4042d1c" type="webcontent" href="Static_3D_Figures_PN1post.png">
      <file href="Static_3D_Figures_PN1post.png"/>
    </resource>
    <resource identifier="idf858cc87c0798d4afe7de517e644910" type="webcontent" href="Static_3D_Figures_PN2post.png">
      <file href="Static_3D_Figures_PN2post.png"/>
    </resource>
    <resource identifier="i92656f20c6d86d28cb4a32e8af67360a" type="webcontent" href="Static_3D_Figures_PN3post.png">
      <file href="Static_3D_Figures_PN3post.png"/>
    </resource>
    <resource identifier="i0c256c2589281751aa33765a46de9603" type="webcontent" href="Static_3D_Figures_PN4post.png">
      <file href="Static_3D_Figures_PN4post.png"/>
    </resource>
    <resource identifier="i56fa8eb7bbbe23b794c2090e8dd147ab" type="webcontent" href="Static_3D_Figures_NN1post.png">
      <file href="Static_3D_Figures_NN1post.png"/>
    </resource>
    <resource identifier="i17c80bbe14cc6036c8e31483ffe40312" type="webcontent" href="Static_3D_Figures_NN2post.png">
      <file href="Static_3D_Figures_NN2post.png"/>
    </resource>
    <resource identifier="icbb92095f6729f3c1c20b4db726b0f99" type="webcontent" href="Static_3D_Figures_NN3post.png">
      <file href="Static_3D_Figures_NN3post.png"/>
    </resource>
    <resource identifier="i4e64362861c97951866b9a83a7cd29a2" type="webcontent" href="Static_3D_Figures_NN4post.png">
      <file href="Static_3D_Figures_NN4post.png"/>
    </resource>
    <resource identifier="icc02dca257c7c23d6c408eadf59735d5" type="webcontent" href="Static_3D_Figures_Gauss_Treatment_VR_Q10-1.png">
      <file href="Static_3D_Figures_Gauss_Treatment_VR_Q10-1.png"/>
    </resource>
    <resource identifier="i039f24c9cc744de5f0781cff62a4e030" type="webcontent" href="Scene1.PNG">
      <file href="Scene1.PNG"/>
    </resource>
    <resource identifier="i3dff49b38df236885e18c5c7051b745f" type="webcontent" href="Scene2.PNG">
      <file href="Scene2.PNG"/>
    </resource>
    <resource identifier="i09325335b31448400f6d8d94f2d5eaf1" type="webcontent" href="Scene3.PNG">
      <file href="Scene3.PNG"/>
    </resource>
    <resource identifier="ibf6d123727d3f54699bb0a2dffe9ede2" type="webcontent" href="Scene4.PNG">
      <file href="Scene4.PNG"/>
    </resource>
    <resource identifier="i7a5eff777cf92587db781065fbeb2348" type="webcontent" href="Scene5.PNG">
      <file href="Scene5.PNG"/>
    </resource>
    <resource identifier="ia9e5d9bf062b5b4d7d878a1dd8a62793" type="webcontent" href="Scene6.PNG">
      <file href="Scene6.PNG"/>
    </resource>
    <resource identifier="i222c74c72542fbd437810424af2d6aa2" type="webcontent" href="Scene7.PNG">
      <file href="Scene7.PNG"/>
    </resource>
    <resource identifier="id78dc42558f1d45fef432e4751ad113d" type="webcontent" href="Scene8.PNG">
      <file href="Scene8.PNG"/>
    </resource>
    <resource identifier="i3c0f4ebb4e09e6ac35a10661f8fb8ef4" type="webcontent" href="Scene9.PNG">
      <file href="Scene9.PNG"/>
    </resource>
    <resource identifier="i5448577cc30be4d89ef6eac491bed4b9" type="webcontent" href="Scene10.PNG">
      <file href="Scene10.PNG"/>
    </resource>
    <resource identifier="ic94fde5ae613150808cf2f53c89612f6" type="webcontent" href="Static_Gauss_SphereDist.png">
      <file href="Static_Gauss_SphereDist.png"/>
    </resource>
    <resource identifier="ieef8e5208c7236e071212247911eeb32" type="webcontent" href="Static_3D_Figures_Gauss_Rod_SqrSurf.png">
      <file href="Static_3D_Figures_Gauss_Rod_SqrSurf.png"/>
    </resource>
    <resource identifier="i15f552c9f81c79d4e242920c0d6bdbfc" type="webcontent" href="Static_3D_Figures_Gauss_Rod_SqrSurf1.png">
      <file href="Static_3D_Figures_Gauss_Rod_SqrSurf1.png"/>
    </resource>
    <resource identifier="id875657f5ad2f2122ac873d2bc103558" type="webcontent" href="Static_3D_Figures_Gauss_Rod_SqrSurf2.png">
      <file href="Static_3D_Figures_Gauss_Rod_SqrSurf2.png"/>
    </resource>
    <resource identifier="ic1dc54690351581f1bc72001fc65c31e" type="webcontent" href="Static_3D_Figures_Gauss_Rod_SqrSurf3.png">
      <file href="Static_3D_Figures_Gauss_Rod_SqrSurf3.png"/>
    </resource>
    <resource identifier="i7d09f4bce7a29feb5b45e92bbfc08d11" type="webcontent" href="Static_3D_Figures_Gauss_Rod_SqrSurf4.png">
      <file href="Static_3D_Figures_Gauss_Rod_SqrSurf4.png"/>
    </resource>
    <resource identifier="i251b39d9bad38f27d518a2f36ac9d48b" type="webcontent" href="Static_3D_Figures_Gauss_Rod_SqrSurf5.png">
      <file href="Static_3D_Figures_Gauss_Rod_SqrSurf5.png"/>
    </resource>
    <resource identifier="i4f4ca1bd74c9f94645205ba5297f9dd0" type="webcontent" href="Static_3D_Figures_Gauss_plate_CylSurf.png">
      <file href="Static_3D_Figures_Gauss_plate_CylSurf.png"/>
    </resource>
    <resource identifier="i393f2a02d08038e8779d506e4c03b323" type="webcontent" href="Static_3D_Figures_Gauss_plate_CylSurf_trimmed.png">
      <file href="Static_3D_Figures_Gauss_plate_CylSurf_trimmed.png"/>
    </resource>
  </resources>
</manifest>
