<?xml version="1.0" encoding="UTF-8"?>
<questestinterop xmlns="http://www.imsglobal.org/xsd/ims_qtiasiv1p2" xmlns:xsi="http://www.w3.org/2001/XMLSchema-instance" xsi:schemaLocation="http://www.imsglobal.org/xsd/ims_qtiasiv1p2 http://www.imsglobal.org/xsd/ims_qtiasiv1p2p1.xsd">
  <assessment ident="ie307125425873683bfca0155819244be" title="Mid-A Opt-out to B">
    <qtimetadata>
      <qtimetadatafield>
        <fieldlabel>cc_maxattempts</fieldlabel>
        <fieldentry>1</fieldentry>
      </qtimetadatafield>
    </qtimetadata>
    <section ident="root_section">
      <item ident="i96e7df827356c1b42f78623c89d3b318" title="Question">
        <itemmetadata>
          <qtimetadata>
            <qtimetadatafield>
              <fieldlabel>question_type</fieldlabel>
              <fieldentry>multiple_choice_question</fieldentry>
            </qtimetadatafield>
            <qtimetadatafield>
              <fieldlabel>points_possible</fieldlabel>
              <fieldentry>1.0</fieldentry>
            </qtimetadatafield>
            <qtimetadatafield>
              <fieldlabel>original_answer_ids</fieldlabel>
              <fieldentry>3074,1582,4144,2832,5891,8067,4720,6792</fieldentry>
            </qtimetadatafield>
            <qtimetadatafield>
              <fieldlabel>assessment_question_identifierref</fieldlabel>
              <fieldentry>if87be1fb200aa1f0fc01b5e110b47620</fieldentry>
            </qtimetadatafield>
          </qtimetadata>
        </itemmetadata>
        <presentation>
          <material>
            <mattext texttype="text/html">&lt;div&gt;&lt;p&gt;Now two charged particles are shown, once again with opposite charges. The next four questions refer to this same charge distribution, shown in 3D space with x, y, and z axes. In all questions, assume there are not other charged objects nearby, besides those shown.&lt;/p&gt;
&lt;p&gt;What is the direction of the electric field at the point&amp;nbsp;&lt;img class="equation_image" title="P" src="https://osu.instructure.com/equation_images/P" alt="P"&gt; in the diagram? Select the best option.&lt;/p&gt;
&lt;p&gt;&lt;img src="https://osu.instructure.com/assessment_questions/785537/files/2292567/download?verifier=VWPDcHQ4F2lPeFbJ2nnR6BGS8vOclmVdBloyDl7B" alt="Static_3D_Figures_PN1post.png"&gt;&lt;/p&gt;&lt;/div&gt;</mattext>
          </material>
          <response_lid ident="response1" rcardinality="Single">
            <render_choice>
              <response_label ident="3074">
                <material>
                  <mattext texttype="text/plain">+x</mattext>
                </material>
              </response_label>
              <response_label ident="1582">
                <material>
                  <mattext texttype="text/plain">-x</mattext>
                </material>
              </response_label>
              <response_label ident="4144">
                <material>
                  <mattext texttype="text/plain">+y</mattext>
                </material>
              </response_label>
              <response_label ident="2832">
                <material>
                  <mattext texttype="text/plain">-y</mattext>
                </material>
              </response_label>
              <response_label ident="5891">
                <material>
                  <mattext texttype="text/plain">Between +y and +z (no x component)</mattext>
                </material>
              </response_label>
              <response_label ident="8067">
                <material>
                  <mattext texttype="text/plain">Between +x and +z (no y component)</mattext>
                </material>
              </response_label>
              <response_label ident="4720">
                <material>
                  <mattext texttype="text/plain">Between +x and -z (no y component)</mattext>
                </material>
              </response_label>
              <response_label ident="6792">
                <material>
                  <mattext texttype="text/plain">Between +x, +y, and +z</mattext>
                </material>
              </response_label>
            </render_choice>
          </response_lid>
        </presentation>
        <resprocessing>
          <outcomes>
            <decvar maxvalue="100" minvalue="0" varname="SCORE" vartype="Decimal"/>
          </outcomes>
          <respcondition continue="No">
            <conditionvar>
              <varequal respident="response1">3074</varequal>
            </conditionvar>
            <setvar action="Set" varname="SCORE">100</setvar>
          </respcondition>
        </resprocessing>
      </item>
      <item ident="if23253812f7e127f86c257070cded9ca" title="Question">
        <itemmetadata>
          <qtimetadata>
            <qtimetadatafield>
              <fieldlabel>question_type</fieldlabel>
              <fieldentry>multiple_choice_question</fieldentry>
            </qtimetadatafield>
            <qtimetadatafield>
              <fieldlabel>points_possible</fieldlabel>
              <fieldentry>1.0</fieldentry>
            </qtimetadatafield>
            <qtimetadatafield>
              <fieldlabel>original_answer_ids</fieldlabel>
              <fieldentry>6700,875,5608,4844,1813,5032,396</fieldentry>
            </qtimetadatafield>
            <qtimetadatafield>
              <fieldlabel>assessment_question_identifierref</fieldlabel>
              <fieldentry>ic1b4c83a2dfe83ffbd0076fc0cb4b3f9</fieldentry>
            </qtimetadatafield>
          </qtimetadata>
        </itemmetadata>
        <presentation>
          <material>
            <mattext texttype="text/html">&lt;div&gt;&lt;p&gt;What is the direction of the electric field at the point&amp;nbsp;&lt;img class="equation_image" title="P" src="https://osu.instructure.com/equation_images/P" alt="P"&gt; in the diagram? Select the best option.&lt;/p&gt;
&lt;p&gt;&lt;img src="https://osu.instructure.com/assessment_questions/785538/files/2292582/download?verifier=QoVqsPhSTjpmTobpqo21ni6O9QX40Z9kEwwQ56H9" alt="Static_3D_Figures_PN2post.png"&gt;&lt;/p&gt;&lt;/div&gt;</mattext>
          </material>
          <response_lid ident="response1" rcardinality="Single">
            <render_choice>
              <response_label ident="6700">
                <material>
                  <mattext texttype="text/plain">+x</mattext>
                </material>
              </response_label>
              <response_label ident="875">
                <material>
                  <mattext texttype="text/plain">-x</mattext>
                </material>
              </response_label>
              <response_label ident="5608">
                <material>
                  <mattext texttype="text/plain">+y</mattext>
                </material>
              </response_label>
              <response_label ident="4844">
                <material>
                  <mattext texttype="text/plain">-y</mattext>
                </material>
              </response_label>
              <response_label ident="1813">
                <material>
                  <mattext texttype="text/plain">+z</mattext>
                </material>
              </response_label>
              <response_label ident="5032">
                <material>
                  <mattext texttype="text/plain">Between +y and +z (no x component)</mattext>
                </material>
              </response_label>
              <response_label ident="396">
                <material>
                  <mattext texttype="text/html">&lt;p&gt;No direction. &lt;img class="equation_image" title="\vec{E}=\vec{0}" src="https://osu.instructure.com/equation_images/%255Cvec%257BE%257D%253D%255Cvec%257B0%257D" alt="\vec{E}=\vec{0}"&gt; at this location.&lt;/p&gt;</mattext>
                </material>
              </response_label>
            </render_choice>
          </response_lid>
        </presentation>
        <resprocessing>
          <outcomes>
            <decvar maxvalue="100" minvalue="0" varname="SCORE" vartype="Decimal"/>
          </outcomes>
          <respcondition continue="No">
            <conditionvar>
              <varequal respident="response1">6700</varequal>
            </conditionvar>
            <setvar action="Set" varname="SCORE">100</setvar>
          </respcondition>
        </resprocessing>
      </item>
      <item ident="icc29970a8fe26affbe9246f421c595c8" title="Question">
        <itemmetadata>
          <qtimetadata>
            <qtimetadatafield>
              <fieldlabel>question_type</fieldlabel>
              <fieldentry>multiple_choice_question</fieldentry>
            </qtimetadatafield>
            <qtimetadatafield>
              <fieldlabel>points_possible</fieldlabel>
              <fieldentry>1.0</fieldentry>
            </qtimetadatafield>
            <qtimetadatafield>
              <fieldlabel>original_answer_ids</fieldlabel>
              <fieldentry>8333,7170,7640,6758,4127,7331</fieldentry>
            </qtimetadatafield>
            <qtimetadatafield>
              <fieldlabel>assessment_question_identifierref</fieldlabel>
              <fieldentry>i5fc360ca08bcedf2bfffe4ce29d8320d</fieldentry>
            </qtimetadatafield>
          </qtimetadata>
        </itemmetadata>
        <presentation>
          <material>
            <mattext texttype="text/html">&lt;div&gt;&lt;p&gt;What is the direction of the electric field at the point&amp;nbsp;&lt;img class="equation_image" title="P" src="https://osu.instructure.com/equation_images/P" alt="P"&gt; in the diagram? Select the best option.&lt;/p&gt;
&lt;p&gt;&lt;img src="https://osu.instructure.com/assessment_questions/785539/files/2292593/download?verifier=OuXyi3XCm6yLYhMmjyIUStg7jEh10gwLy43ODUOD" alt="Static_3D_Figures_PN3post.png"&gt;&lt;/p&gt;&lt;/div&gt;</mattext>
          </material>
          <response_lid ident="response1" rcardinality="Single">
            <render_choice>
              <response_label ident="8333">
                <material>
                  <mattext texttype="text/plain">+x</mattext>
                </material>
              </response_label>
              <response_label ident="7170">
                <material>
                  <mattext texttype="text/plain">-x</mattext>
                </material>
              </response_label>
              <response_label ident="7640">
                <material>
                  <mattext texttype="text/plain">+y</mattext>
                </material>
              </response_label>
              <response_label ident="6758">
                <material>
                  <mattext texttype="text/plain">Between -x and +z (no y component)</mattext>
                </material>
              </response_label>
              <response_label ident="4127">
                <material>
                  <mattext texttype="text/plain">Between -x and +y (no z component)</mattext>
                </material>
              </response_label>
              <response_label ident="7331">
                <material>
                  <mattext texttype="text/html">&lt;p&gt;No direction. &lt;img class="equation_image" title="\vec{E}=\vec{0}" src="https://osu.instructure.com/equation_images/%255Cvec%257BE%257D%253D%255Cvec%257B0%257D" alt="\vec{E}=\vec{0}"&gt; at this location.&lt;/p&gt;</mattext>
                </material>
              </response_label>
            </render_choice>
          </response_lid>
        </presentation>
        <resprocessing>
          <outcomes>
            <decvar maxvalue="100" minvalue="0" varname="SCORE" vartype="Decimal"/>
          </outcomes>
          <respcondition continue="No">
            <conditionvar>
              <varequal respident="response1">8333</varequal>
            </conditionvar>
            <setvar action="Set" varname="SCORE">100</setvar>
          </respcondition>
        </resprocessing>
      </item>
      <item ident="i8e2b42ff49dad414183da500026931af" title="Question">
        <itemmetadata>
          <qtimetadata>
            <qtimetadatafield>
              <fieldlabel>question_type</fieldlabel>
              <fieldentry>multiple_choice_question</fieldentry>
            </qtimetadatafield>
            <qtimetadatafield>
              <fieldlabel>points_possible</fieldlabel>
              <fieldentry>1.0</fieldentry>
            </qtimetadatafield>
            <qtimetadatafield>
              <fieldlabel>original_answer_ids</fieldlabel>
              <fieldentry>5020,5726,4394,3012,1056,2841,3693</fieldentry>
            </qtimetadatafield>
            <qtimetadatafield>
              <fieldlabel>assessment_question_identifierref</fieldlabel>
              <fieldentry>if79734b0404dc58a2c322a8358176560</fieldentry>
            </qtimetadatafield>
          </qtimetadata>
        </itemmetadata>
        <presentation>
          <material>
            <mattext texttype="text/html">&lt;div&gt;&lt;p&gt;What is the direction of the electric field at the point&amp;nbsp;&lt;img class="equation_image" title="P" src="https://osu.instructure.com/equation_images/P" alt="P"&gt; in the diagram? Select the best option.&lt;/p&gt;
&lt;p&gt;&lt;img src="https://osu.instructure.com/assessment_questions/785540/files/2292605/download?verifier=acRSCPehjMfuPt3rF3pGixXWpEeOjsDiLlFrI4AN" alt="Static_3D_Figures_PN4post.png"&gt;&lt;/p&gt;&lt;/div&gt;</mattext>
          </material>
          <response_lid ident="response1" rcardinality="Single">
            <render_choice>
              <response_label ident="5020">
                <material>
                  <mattext texttype="text/plain">+x</mattext>
                </material>
              </response_label>
              <response_label ident="5726">
                <material>
                  <mattext texttype="text/plain">-x</mattext>
                </material>
              </response_label>
              <response_label ident="4394">
                <material>
                  <mattext texttype="text/plain">+y</mattext>
                </material>
              </response_label>
              <response_label ident="3012">
                <material>
                  <mattext texttype="text/plain">+z</mattext>
                </material>
              </response_label>
              <response_label ident="1056">
                <material>
                  <mattext texttype="text/plain">Between +x and +z (no y component)</mattext>
                </material>
              </response_label>
              <response_label ident="2841">
                <material>
                  <mattext texttype="text/plain">Between +x and -z (no y component)</mattext>
                </material>
              </response_label>
              <response_label ident="3693">
                <material>
                  <mattext texttype="text/plain">Between -x, +y, and +z</mattext>
                </material>
              </response_label>
            </render_choice>
          </response_lid>
        </presentation>
        <resprocessing>
          <outcomes>
            <decvar maxvalue="100" minvalue="0" varname="SCORE" vartype="Decimal"/>
          </outcomes>
          <respcondition continue="No">
            <conditionvar>
              <varequal respident="response1">5020</varequal>
            </conditionvar>
            <setvar action="Set" varname="SCORE">100</setvar>
          </respcondition>
        </resprocessing>
      </item>
      <item ident="if965a5c8ee4afcace8545a1b32a0a928" title="Question">
        <itemmetadata>
          <qtimetadata>
            <qtimetadatafield>
              <fieldlabel>question_type</fieldlabel>
              <fieldentry>multiple_choice_question</fieldentry>
            </qtimetadatafield>
            <qtimetadatafield>
              <fieldlabel>points_possible</fieldlabel>
              <fieldentry>1.0</fieldentry>
            </qtimetadatafield>
            <qtimetadatafield>
              <fieldlabel>original_answer_ids</fieldlabel>
              <fieldentry>4720,886,189,2397,8169,1619,4476</fieldentry>
            </qtimetadatafield>
            <qtimetadatafield>
              <fieldlabel>assessment_question_identifierref</fieldlabel>
              <fieldentry>ie2d096ca66c09b17134d5368c0cd5e2b</fieldentry>
            </qtimetadatafield>
          </qtimetadata>
        </itemmetadata>
        <presentation>
          <material>
            <mattext texttype="text/html">&lt;div&gt;&lt;p&gt;Now two charged particles are shown, but now both are negatively charged. The next four questions refer to this same charge distribution, shown in 3D space with x, y, and z axes. In all questions, assume there are not other charged objects nearby, besides those shown.&lt;/p&gt;
&lt;p&gt;What is the direction of the electric field at the point&amp;nbsp;&lt;img class="equation_image" title="P" src="https://osu.instructure.com/equation_images/P" alt="P"&gt; in the diagram? Select the best option.&lt;img src="https://osu.instructure.com/assessment_questions/785541/files/2292614/download?verifier=oTLlozRAJcCk4Y6WAVyrRlD44eqCujnf0IW4akoC" alt="Static_3D_Figures_NN1post.png"&gt;&lt;/p&gt;&lt;/div&gt;</mattext>
          </material>
          <response_lid ident="response1" rcardinality="Single">
            <render_choice>
              <response_label ident="4720">
                <material>
                  <mattext texttype="text/plain">+x</mattext>
                </material>
              </response_label>
              <response_label ident="886">
                <material>
                  <mattext texttype="text/plain">-x</mattext>
                </material>
              </response_label>
              <response_label ident="189">
                <material>
                  <mattext texttype="text/plain">+y</mattext>
                </material>
              </response_label>
              <response_label ident="2397">
                <material>
                  <mattext texttype="text/plain">-y</mattext>
                </material>
              </response_label>
              <response_label ident="8169">
                <material>
                  <mattext texttype="text/plain">Between +x and +z (no y component)</mattext>
                </material>
              </response_label>
              <response_label ident="1619">
                <material>
                  <mattext texttype="text/plain">Between -y and -z (no x component)</mattext>
                </material>
              </response_label>
              <response_label ident="4476">
                <material>
                  <mattext texttype="text/html">&lt;p&gt;No direction. &lt;img class="equation_image" title="\vec{E}=\vec{0}" src="https://osu.instructure.com/equation_images/%255Cvec%257BE%257D%253D%255Cvec%257B0%257D" alt="\vec{E}=\vec{0}"&gt; at this location.&lt;/p&gt;</mattext>
                </material>
              </response_label>
            </render_choice>
          </response_lid>
        </presentation>
        <resprocessing>
          <outcomes>
            <decvar maxvalue="100" minvalue="0" varname="SCORE" vartype="Decimal"/>
          </outcomes>
          <respcondition continue="No">
            <conditionvar>
              <varequal respident="response1">4720</varequal>
            </conditionvar>
            <setvar action="Set" varname="SCORE">100</setvar>
          </respcondition>
        </resprocessing>
      </item>
      <item ident="i5ecdb496840eb5894a81eb6175bf811f" title="Question">
        <itemmetadata>
          <qtimetadata>
            <qtimetadatafield>
              <fieldlabel>question_type</fieldlabel>
              <fieldentry>multiple_choice_question</fieldentry>
            </qtimetadatafield>
            <qtimetadatafield>
              <fieldlabel>points_possible</fieldlabel>
              <fieldentry>1.0</fieldentry>
            </qtimetadatafield>
            <qtimetadatafield>
              <fieldlabel>original_answer_ids</fieldlabel>
              <fieldentry>2716,3523,1962,2343,7819,2393,1040,4175,4214</fieldentry>
            </qtimetadatafield>
            <qtimetadatafield>
              <fieldlabel>assessment_question_identifierref</fieldlabel>
              <fieldentry>i3f8a65fe2128988ddb2074bd71464170</fieldentry>
            </qtimetadatafield>
          </qtimetadata>
        </itemmetadata>
        <presentation>
          <material>
            <mattext texttype="text/html">&lt;div&gt;&lt;p&gt;What is the direction of the electric field at the point&amp;nbsp;&lt;img class="equation_image" title="P" src="https://osu.instructure.com/equation_images/P" alt="P"&gt; in the diagram? Select the best option.&lt;/p&gt;
&lt;p&gt;&lt;img src="https://osu.instructure.com/assessment_questions/785542/files/2292621/download?verifier=UbUdbNXSPraYXpC4PIkkaoVFEyBJAG6ZUZHQmM9O" alt="Static_3D_Figures_NN2post.png"&gt;&lt;/p&gt;&lt;/div&gt;</mattext>
          </material>
          <response_lid ident="response1" rcardinality="Single">
            <render_choice>
              <response_label ident="2716">
                <material>
                  <mattext texttype="text/plain">+x</mattext>
                </material>
              </response_label>
              <response_label ident="3523">
                <material>
                  <mattext texttype="text/plain">-x</mattext>
                </material>
              </response_label>
              <response_label ident="1962">
                <material>
                  <mattext texttype="text/plain">+y</mattext>
                </material>
              </response_label>
              <response_label ident="2343">
                <material>
                  <mattext texttype="text/plain">-y</mattext>
                </material>
              </response_label>
              <response_label ident="7819">
                <material>
                  <mattext texttype="text/plain">+z</mattext>
                </material>
              </response_label>
              <response_label ident="2393">
                <material>
                  <mattext texttype="text/plain">-z</mattext>
                </material>
              </response_label>
              <response_label ident="1040">
                <material>
                  <mattext texttype="text/plain">Between +y and +z (no x component)</mattext>
                </material>
              </response_label>
              <response_label ident="4175">
                <material>
                  <mattext texttype="text/plain">Between -y and -z (no x component)</mattext>
                </material>
              </response_label>
              <response_label ident="4214">
                <material>
                  <mattext texttype="text/html">&lt;p&gt;No direction. &lt;img class="equation_image" title="\vec{E}=\vec{0}" src="https://osu.instructure.com/equation_images/%255Cvec%257BE%257D%253D%255Cvec%257B0%257D" alt="\vec{E}=\vec{0}"&gt; at this location.&lt;/p&gt;</mattext>
                </material>
              </response_label>
            </render_choice>
          </response_lid>
        </presentation>
        <resprocessing>
          <outcomes>
            <decvar maxvalue="100" minvalue="0" varname="SCORE" vartype="Decimal"/>
          </outcomes>
          <respcondition continue="No">
            <conditionvar>
              <varequal respident="response1">2716</varequal>
            </conditionvar>
            <setvar action="Set" varname="SCORE">100</setvar>
          </respcondition>
        </resprocessing>
      </item>
      <item ident="i60692f089fad3a7db6c792194c852c69" title="Question">
        <itemmetadata>
          <qtimetadata>
            <qtimetadatafield>
              <fieldlabel>question_type</fieldlabel>
              <fieldentry>multiple_choice_question</fieldentry>
            </qtimetadatafield>
            <qtimetadatafield>
              <fieldlabel>points_possible</fieldlabel>
              <fieldentry>1.0</fieldentry>
            </qtimetadatafield>
            <qtimetadatafield>
              <fieldlabel>original_answer_ids</fieldlabel>
              <fieldentry>238,9012,5152,8962,7202,3752,1387,603,7749</fieldentry>
            </qtimetadatafield>
            <qtimetadatafield>
              <fieldlabel>assessment_question_identifierref</fieldlabel>
              <fieldentry>i5c26847630b7fc5ecb7d953d247d9a89</fieldentry>
            </qtimetadatafield>
          </qtimetadata>
        </itemmetadata>
        <presentation>
          <material>
            <mattext texttype="text/html">&lt;div&gt;&lt;p&gt;What is the direction of the electric field at the point&amp;nbsp;&lt;img class="equation_image" title="P" src="https://osu.instructure.com/equation_images/P" alt="P"&gt; in the diagram? Select the best option.&lt;/p&gt;
&lt;p&gt;&lt;img src="https://osu.instructure.com/assessment_questions/786118/files/2292631/download?verifier=0l3WYJWzHhMueWDbOdjC9jwusnsuq6f0rikZiYm0" alt="Static_3D_Figures_NN3post.png"&gt;&lt;/p&gt;&lt;/div&gt;</mattext>
          </material>
          <response_lid ident="response1" rcardinality="Single">
            <render_choice>
              <response_label ident="238">
                <material>
                  <mattext texttype="text/plain">+x</mattext>
                </material>
              </response_label>
              <response_label ident="9012">
                <material>
                  <mattext texttype="text/plain">-x</mattext>
                </material>
              </response_label>
              <response_label ident="5152">
                <material>
                  <mattext texttype="text/plain">+y</mattext>
                </material>
              </response_label>
              <response_label ident="8962">
                <material>
                  <mattext texttype="text/plain">-y</mattext>
                </material>
              </response_label>
              <response_label ident="7202">
                <material>
                  <mattext texttype="text/plain">+z</mattext>
                </material>
              </response_label>
              <response_label ident="3752">
                <material>
                  <mattext texttype="text/plain">Between -x and +y (no z component)</mattext>
                </material>
              </response_label>
              <response_label ident="1387">
                <material>
                  <mattext texttype="text/plain">Between -x and +z (no y component)</mattext>
                </material>
              </response_label>
              <response_label ident="603">
                <material>
                  <mattext texttype="text/plain">Between -x, +y, and +z</mattext>
                </material>
              </response_label>
              <response_label ident="7749">
                <material>
                  <mattext texttype="text/plain">Between +x, -y, and -z</mattext>
                </material>
              </response_label>
            </render_choice>
          </response_lid>
        </presentation>
        <resprocessing>
          <outcomes>
            <decvar maxvalue="100" minvalue="0" varname="SCORE" vartype="Decimal"/>
          </outcomes>
          <respcondition continue="No">
            <conditionvar>
              <varequal respident="response1">238</varequal>
            </conditionvar>
            <setvar action="Set" varname="SCORE">100</setvar>
          </respcondition>
        </resprocessing>
      </item>
      <item ident="i8124bcb8488d40f056a204fb9e46cdc0" title="Question">
        <itemmetadata>
          <qtimetadata>
            <qtimetadatafield>
              <fieldlabel>question_type</fieldlabel>
              <fieldentry>multiple_choice_question</fieldentry>
            </qtimetadatafield>
            <qtimetadatafield>
              <fieldlabel>points_possible</fieldlabel>
              <fieldentry>1.0</fieldentry>
            </qtimetadatafield>
            <qtimetadatafield>
              <fieldlabel>original_answer_ids</fieldlabel>
              <fieldentry>9863,8050,5974,1228,9827,6551,1363,1178,8359,5120</fieldentry>
            </qtimetadatafield>
            <qtimetadatafield>
              <fieldlabel>assessment_question_identifierref</fieldlabel>
              <fieldentry>i2cb8a2f362cb1f381541a7e264005ab2</fieldentry>
            </qtimetadatafield>
          </qtimetadata>
        </itemmetadata>
        <presentation>
          <material>
            <mattext texttype="text/html">&lt;div&gt;&lt;p&gt;What is the direction of the electric field at the point&amp;nbsp;&lt;img class="equation_image" title="P" src="https://osu.instructure.com/equation_images/P" alt="P"&gt; in the diagram? Select the best option.&lt;/p&gt;
&lt;p&gt;&lt;img src="https://osu.instructure.com/assessment_questions/786121/files/2292656/download?verifier=7OQUpY15BLphTQKwiapnFjDhHHGtkGqOyhUoNHdH" alt="Static_3D_Figures_NN4post.png"&gt;&lt;/p&gt;&lt;/div&gt;</mattext>
          </material>
          <response_lid ident="response1" rcardinality="Single">
            <render_choice>
              <response_label ident="9863">
                <material>
                  <mattext texttype="text/plain">+x</mattext>
                </material>
              </response_label>
              <response_label ident="8050">
                <material>
                  <mattext texttype="text/plain">-x</mattext>
                </material>
              </response_label>
              <response_label ident="5974">
                <material>
                  <mattext texttype="text/plain">+y</mattext>
                </material>
              </response_label>
              <response_label ident="1228">
                <material>
                  <mattext texttype="text/plain">-y</mattext>
                </material>
              </response_label>
              <response_label ident="9827">
                <material>
                  <mattext texttype="text/plain">+z</mattext>
                </material>
              </response_label>
              <response_label ident="6551">
                <material>
                  <mattext texttype="text/plain">-z</mattext>
                </material>
              </response_label>
              <response_label ident="1363">
                <material>
                  <mattext texttype="text/plain">Between +y and +z (no x component)</mattext>
                </material>
              </response_label>
              <response_label ident="1178">
                <material>
                  <mattext texttype="text/plain">Between -x and -y (no z component)</mattext>
                </material>
              </response_label>
              <response_label ident="8359">
                <material>
                  <mattext texttype="text/plain">Between +x and -z (no y component)</mattext>
                </material>
              </response_label>
              <response_label ident="5120">
                <material>
                  <mattext texttype="text/plain">Between -x and +z (no y component)</mattext>
                </material>
              </response_label>
            </render_choice>
          </response_lid>
        </presentation>
        <resprocessing>
          <outcomes>
            <decvar maxvalue="100" minvalue="0" varname="SCORE" vartype="Decimal"/>
          </outcomes>
          <respcondition continue="No">
            <conditionvar>
              <varequal respident="response1">9863</varequal>
            </conditionvar>
            <setvar action="Set" varname="SCORE">100</setvar>
          </respcondition>
        </resprocessing>
      </item>
      <item ident="ia5c84249b0d65f8362d36f8c3136b47c" title="Question">
        <itemmetadata>
          <qtimetadata>
            <qtimetadatafield>
              <fieldlabel>question_type</fieldlabel>
              <fieldentry>multiple_choice_question</fieldentry>
            </qtimetadatafield>
            <qtimetadatafield>
              <fieldlabel>points_possible</fieldlabel>
              <fieldentry>1.0</fieldentry>
            </qtimetadatafield>
            <qtimetadatafield>
              <fieldlabel>original_answer_ids</fieldlabel>
              <fieldentry>800,5806,1689,7838,3252,9487</fieldentry>
            </qtimetadatafield>
            <qtimetadatafield>
              <fieldlabel>assessment_question_identifierref</fieldlabel>
              <fieldentry>i5983c9cd4618171508dad00edcfd8a6f</fieldentry>
            </qtimetadatafield>
          </qtimetadata>
        </itemmetadata>
        <presentation>
          <material>
            <mattext texttype="text/html">&lt;div&gt;&lt;p&gt;The next three questions refer to the same arrangement of charged particles with 2D axes. Assume there are no other charged objects nearby, besides those shown.&lt;/p&gt;
&lt;p&gt;What is the direction of the electric field at the point &lt;img class="equation_image" title="P_1" src="https://osu.instructure.com/equation_images/P_1" alt="P_1" data-mathml="&lt;math xmlns=&amp;quot;http://www.w3.org/1998/Math/MathML&amp;quot; display=&amp;quot;inline&amp;quot;&gt;&lt;msub&gt;&lt;mi&gt;P&lt;/mi&gt;&lt;mn&gt;1&lt;/mn&gt;&lt;/msub&gt;&lt;/math&gt;"&gt; in the diagram? Select the best option.&lt;/p&gt;
&lt;p&gt;&lt;img src="https://osu.instructure.com/assessment_questions/786124/files/2292685/download?verifier=LYxkqmZ3yYtHZYkEkmHYAgHT2vxSBIBDFRZdgDNZ" alt="Static_2D_Fig_PP.png"&gt;&lt;/p&gt;&lt;/div&gt;</mattext>
          </material>
          <response_lid ident="response1" rcardinality="Single">
            <render_choice>
              <response_label ident="800">
                <material>
                  <mattext texttype="text/plain">+x</mattext>
                </material>
              </response_label>
              <response_label ident="5806">
                <material>
                  <mattext texttype="text/plain">-x</mattext>
                </material>
              </response_label>
              <response_label ident="1689">
                <material>
                  <mattext texttype="text/plain">+y</mattext>
                </material>
              </response_label>
              <response_label ident="7838">
                <material>
                  <mattext texttype="text/plain">-y</mattext>
                </material>
              </response_label>
              <response_label ident="3252">
                <material>
                  <mattext texttype="text/plain">Between +x and +y</mattext>
                </material>
              </response_label>
              <response_label ident="9487">
                <material>
                  <mattext texttype="text/html">&lt;p&gt;No direction. &lt;img class="equation_image" title="\vec{E}=\vec{0}" src="https://osu.instructure.com/equation_images/%255Cvec%257BE%257D%253D%255Cvec%257B0%257D" alt="\vec{E}=\vec{0}"&gt; at this location.&lt;/p&gt;</mattext>
                </material>
              </response_label>
            </render_choice>
          </response_lid>
        </presentation>
        <resprocessing>
          <outcomes>
            <decvar maxvalue="100" minvalue="0" varname="SCORE" vartype="Decimal"/>
          </outcomes>
          <respcondition continue="No">
            <conditionvar>
              <varequal respident="response1">800</varequal>
            </conditionvar>
            <setvar action="Set" varname="SCORE">100</setvar>
          </respcondition>
        </resprocessing>
      </item>
      <item ident="i5ba7f39789aaf5bf7201c8aaa2448ac4" title="Question">
        <itemmetadata>
          <qtimetadata>
            <qtimetadatafield>
              <fieldlabel>question_type</fieldlabel>
              <fieldentry>multiple_choice_question</fieldentry>
            </qtimetadatafield>
            <qtimetadatafield>
              <fieldlabel>points_possible</fieldlabel>
              <fieldentry>1.0</fieldentry>
            </qtimetadatafield>
            <qtimetadatafield>
              <fieldlabel>original_answer_ids</fieldlabel>
              <fieldentry>9909,1255,4448,7976,1713,1884</fieldentry>
            </qtimetadatafield>
            <qtimetadatafield>
              <fieldlabel>assessment_question_identifierref</fieldlabel>
              <fieldentry>iebf5f450cfeb14b2b298f323588def33</fieldentry>
            </qtimetadatafield>
          </qtimetadata>
        </itemmetadata>
        <presentation>
          <material>
            <mattext texttype="text/html">&lt;div&gt;&lt;p&gt;What is the direction of the electric field at the point&amp;nbsp;&lt;img class="equation_image" title="P_2" src="https://osu.instructure.com/equation_images/P_2" alt="P_2"&gt; in the diagram? Select the best option.&lt;/p&gt;
&lt;p&gt;&lt;img src="https://osu.instructure.com/assessment_questions/786125/files/2292692/download?verifier=4jfwycEhjrFdKPkfzsFahTWB9CS0zDVoKIMSEg64" alt="Static_2D_Fig_PP.png"&gt;&lt;/p&gt;&lt;/div&gt;</mattext>
          </material>
          <response_lid ident="response1" rcardinality="Single">
            <render_choice>
              <response_label ident="9909">
                <material>
                  <mattext texttype="text/plain">+x</mattext>
                </material>
              </response_label>
              <response_label ident="1255">
                <material>
                  <mattext texttype="text/plain">-x</mattext>
                </material>
              </response_label>
              <response_label ident="4448">
                <material>
                  <mattext texttype="text/plain">+y</mattext>
                </material>
              </response_label>
              <response_label ident="7976">
                <material>
                  <mattext texttype="text/plain">-y</mattext>
                </material>
              </response_label>
              <response_label ident="1713">
                <material>
                  <mattext texttype="text/plain">Between +x and +y</mattext>
                </material>
              </response_label>
              <response_label ident="1884">
                <material>
                  <mattext texttype="text/html">&lt;p&gt;No direction. &lt;img class="equation_image" title="\vec{E}=\vec{0}" src="https://osu.instructure.com/equation_images/%255Cvec%257BE%257D%253D%255Cvec%257B0%257D" alt="\vec{E}=\vec{0}"&gt; at this location.&lt;/p&gt;</mattext>
                </material>
              </response_label>
            </render_choice>
          </response_lid>
        </presentation>
        <resprocessing>
          <outcomes>
            <decvar maxvalue="100" minvalue="0" varname="SCORE" vartype="Decimal"/>
          </outcomes>
          <respcondition continue="No">
            <conditionvar>
              <varequal respident="response1">9909</varequal>
            </conditionvar>
            <setvar action="Set" varname="SCORE">100</setvar>
          </respcondition>
        </resprocessing>
      </item>
      <item ident="ifc74e3bd5d3150c1427dda299b4b23fd" title="Question">
        <itemmetadata>
          <qtimetadata>
            <qtimetadatafield>
              <fieldlabel>question_type</fieldlabel>
              <fieldentry>multiple_choice_question</fieldentry>
            </qtimetadatafield>
            <qtimetadatafield>
              <fieldlabel>points_possible</fieldlabel>
              <fieldentry>1.0</fieldentry>
            </qtimetadatafield>
            <qtimetadatafield>
              <fieldlabel>original_answer_ids</fieldlabel>
              <fieldentry>8825,3674,1815,2292,6224,7442</fieldentry>
            </qtimetadatafield>
            <qtimetadatafield>
              <fieldlabel>assessment_question_identifierref</fieldlabel>
              <fieldentry>i365a7c1c5a4c638344ba704a24cd708a</fieldentry>
            </qtimetadatafield>
          </qtimetadata>
        </itemmetadata>
        <presentation>
          <material>
            <mattext texttype="text/html">&lt;div&gt;&lt;p&gt;What is the direction of the electric field at the point&amp;nbsp;&lt;img class="equation_image" title="P_3" src="https://osu.instructure.com/equation_images/P_3" alt="P_3" data-mathml="&lt;math xmlns=&amp;quot;http://www.w3.org/1998/Math/MathML&amp;quot; display=&amp;quot;inline&amp;quot;&gt;&lt;msub&gt;&lt;mi&gt;P&lt;/mi&gt;&lt;mn&gt;3&lt;/mn&gt;&lt;/msub&gt;&lt;/math&gt;"&gt; in the diagram? Select the best option.&lt;/p&gt;
&lt;p&gt;&lt;img src="$IMS-CC-FILEBASE$/Static_2D_Fig_PP.png" alt="Static_2D_Fig_PP.png"&gt;&lt;/p&gt;&lt;/div&gt;</mattext>
          </material>
          <response_lid ident="response1" rcardinality="Single">
            <render_choice>
              <response_label ident="8825">
                <material>
                  <mattext texttype="text/plain">+x</mattext>
                </material>
              </response_label>
              <response_label ident="3674">
                <material>
                  <mattext texttype="text/plain">-x</mattext>
                </material>
              </response_label>
              <response_label ident="1815">
                <material>
                  <mattext texttype="text/plain">+y</mattext>
                </material>
              </response_label>
              <response_label ident="2292">
                <material>
                  <mattext texttype="text/plain">-y</mattext>
                </material>
              </response_label>
              <response_label ident="6224">
                <material>
                  <mattext texttype="text/plain">Between +x and +y</mattext>
                </material>
              </response_label>
              <response_label ident="7442">
                <material>
                  <mattext texttype="text/html">&lt;p&gt;No direction. &lt;img class="equation_image" title="\vec{E}=\vec{0}" src="https://osu.instructure.com/equation_images/%255Cvec%257BE%257D%253D%255Cvec%257B0%257D" alt="\vec{E}=\vec{0}" data-mathml="&lt;math xmlns=&amp;quot;http://www.w3.org/1998/Math/MathML&amp;quot; display=&amp;quot;inline&amp;quot;&gt;&lt;mover&gt;&lt;mrow&gt;&lt;mi&gt;E&lt;/mi&gt;&lt;/mrow&gt;&lt;mo&gt;&amp;amp;RightVector;&lt;/mo&gt;&lt;/mover&gt;&lt;mo&gt;=&lt;/mo&gt;&lt;mover&gt;&lt;mrow&gt;&lt;mn&gt;0&lt;/mn&gt;&lt;/mrow&gt;&lt;mo&gt;&amp;amp;RightVector;&lt;/mo&gt;&lt;/mover&gt;&lt;/math&gt;"&gt; at this location.&lt;/p&gt;
&lt;p&gt;&amp;nbsp;&lt;/p&gt;</mattext>
                </material>
              </response_label>
            </render_choice>
          </response_lid>
        </presentation>
        <resprocessing>
          <outcomes>
            <decvar maxvalue="100" minvalue="0" varname="SCORE" vartype="Decimal"/>
          </outcomes>
          <respcondition continue="No">
            <conditionvar>
              <varequal respident="response1">8825</varequal>
            </conditionvar>
            <setvar action="Set" varname="SCORE">100</setvar>
          </respcondition>
        </resprocessing>
      </item>
      <item ident="i5fb6daac3c623b8795b6d5ea60d228d0" title="Question">
        <itemmetadata>
          <qtimetadata>
            <qtimetadatafield>
              <fieldlabel>question_type</fieldlabel>
              <fieldentry>multiple_choice_question</fieldentry>
            </qtimetadatafield>
            <qtimetadatafield>
              <fieldlabel>points_possible</fieldlabel>
              <fieldentry>1.0</fieldentry>
            </qtimetadatafield>
            <qtimetadatafield>
              <fieldlabel>original_answer_ids</fieldlabel>
              <fieldentry>3382,4092,8466,3965,6406</fieldentry>
            </qtimetadatafield>
            <qtimetadatafield>
              <fieldlabel>assessment_question_identifierref</fieldlabel>
              <fieldentry>i2c7e8ec4bafc389302bdcb0cc5734588</fieldentry>
            </qtimetadatafield>
          </qtimetadata>
        </itemmetadata>
        <presentation>
          <material>
            <mattext texttype="text/html">&lt;div&gt;&lt;p&gt;Note that the charge arrangement has changed. The next three questions refer to this new arrangement of charged particles with 2D axes.&lt;/p&gt;
&lt;p&gt;What is the direction of the electric field at the point &lt;img class="equation_image" title="P_1" src="https://osu.instructure.com/equation_images/P_1" alt="P_1" data-mathml="&lt;math xmlns=&amp;quot;http://www.w3.org/1998/Math/MathML&amp;quot; display=&amp;quot;inline&amp;quot;&gt;&lt;msub&gt;&lt;mi&gt;P&lt;/mi&gt;&lt;mn&gt;1&lt;/mn&gt;&lt;/msub&gt;&lt;/math&gt;"&gt; in the diagram. Assume there are no other charged objects nearby, besides those shown. Select the best option.&lt;/p&gt;
&lt;p&gt;&lt;img src="$IMS-CC-FILEBASE$/Static_2D_Fig_NP_Fixed.png" alt="Static_2D_Fig_NP_Fixed.png"&gt;&lt;/p&gt;&lt;/div&gt;</mattext>
          </material>
          <response_lid ident="response1" rcardinality="Single">
            <render_choice>
              <response_label ident="3382">
                <material>
                  <mattext texttype="text/plain">+x</mattext>
                </material>
              </response_label>
              <response_label ident="4092">
                <material>
                  <mattext texttype="text/plain">-x</mattext>
                </material>
              </response_label>
              <response_label ident="8466">
                <material>
                  <mattext texttype="text/plain">+y</mattext>
                </material>
              </response_label>
              <response_label ident="3965">
                <material>
                  <mattext texttype="text/plain">-y</mattext>
                </material>
              </response_label>
              <response_label ident="6406">
                <material>
                  <mattext texttype="text/html">&lt;p&gt;No direction. &lt;img class="equation_image" title="\vec{E}=\vec{0}" src="https://osu.instructure.com/equation_images/%255Cvec%257BE%257D%253D%255Cvec%257B0%257D" alt="\vec{E}=\vec{0}" data-mathml="&lt;math xmlns=&amp;quot;http://www.w3.org/1998/Math/MathML&amp;quot; display=&amp;quot;inline&amp;quot;&gt;&lt;mover&gt;&lt;mrow&gt;&lt;mi&gt;E&lt;/mi&gt;&lt;/mrow&gt;&lt;mo&gt;&amp;amp;RightVector;&lt;/mo&gt;&lt;/mover&gt;&lt;mo&gt;=&lt;/mo&gt;&lt;mover&gt;&lt;mrow&gt;&lt;mn&gt;0&lt;/mn&gt;&lt;/mrow&gt;&lt;mo&gt;&amp;amp;RightVector;&lt;/mo&gt;&lt;/mover&gt;&lt;/math&gt;"&gt; at this point.&lt;/p&gt;</mattext>
                </material>
              </response_label>
            </render_choice>
          </response_lid>
        </presentation>
        <resprocessing>
          <outcomes>
            <decvar maxvalue="100" minvalue="0" varname="SCORE" vartype="Decimal"/>
          </outcomes>
          <respcondition continue="No">
            <conditionvar>
              <varequal respident="response1">3382</varequal>
            </conditionvar>
            <setvar action="Set" varname="SCORE">100</setvar>
          </respcondition>
        </resprocessing>
      </item>
      <item ident="i99a7933ae9bbd0d70914716e2d4e4f5e" title="Question">
        <itemmetadata>
          <qtimetadata>
            <qtimetadatafield>
              <fieldlabel>question_type</fieldlabel>
              <fieldentry>multiple_choice_question</fieldentry>
            </qtimetadatafield>
            <qtimetadatafield>
              <fieldlabel>points_possible</fieldlabel>
              <fieldentry>1.0</fieldentry>
            </qtimetadatafield>
            <qtimetadatafield>
              <fieldlabel>original_answer_ids</fieldlabel>
              <fieldentry>7630,8776,3011,6456,7085</fieldentry>
            </qtimetadatafield>
            <qtimetadatafield>
              <fieldlabel>assessment_question_identifierref</fieldlabel>
              <fieldentry>i3eee5ae6d35e19500b1517145d79bef0</fieldentry>
            </qtimetadatafield>
          </qtimetadata>
        </itemmetadata>
        <presentation>
          <material>
            <mattext texttype="text/html">&lt;div&gt;&lt;p&gt;What is the direction of the electric field at the point&amp;nbsp;&lt;img class="equation_image" title="P_2" src="https://osu.instructure.com/equation_images/P_2" alt="P_2" data-mathml="&lt;math xmlns=&amp;quot;http://www.w3.org/1998/Math/MathML&amp;quot; display=&amp;quot;inline&amp;quot;&gt;&lt;msub&gt;&lt;mi&gt;P&lt;/mi&gt;&lt;mn&gt;2&lt;/mn&gt;&lt;/msub&gt;&lt;/math&gt;"&gt; in the diagram. Assume there are no other charged objects nearby, besides those shown. Select the best option.&lt;/p&gt;
&lt;p&gt;&lt;img src="$IMS-CC-FILEBASE$/Static_2D_Fig_NP_Fixed.png" alt="Static_2D_Fig_NP_Fixed.png"&gt;&lt;/p&gt;&lt;/div&gt;</mattext>
          </material>
          <response_lid ident="response1" rcardinality="Single">
            <render_choice>
              <response_label ident="7630">
                <material>
                  <mattext texttype="text/plain">+x</mattext>
                </material>
              </response_label>
              <response_label ident="8776">
                <material>
                  <mattext texttype="text/plain">-x</mattext>
                </material>
              </response_label>
              <response_label ident="3011">
                <material>
                  <mattext texttype="text/plain">+y</mattext>
                </material>
              </response_label>
              <response_label ident="6456">
                <material>
                  <mattext texttype="text/plain">-y</mattext>
                </material>
              </response_label>
              <response_label ident="7085">
                <material>
                  <mattext texttype="text/html">&lt;p&gt;No direction. &lt;img class="equation_image" title="\vec{E}=\vec{0}" src="https://osu.instructure.com/equation_images/%255Cvec%257BE%257D%253D%255Cvec%257B0%257D" alt="\vec{E}=\vec{0}" data-mathml="&lt;math xmlns=&amp;quot;http://www.w3.org/1998/Math/MathML&amp;quot; display=&amp;quot;inline&amp;quot;&gt;&lt;mover&gt;&lt;mrow&gt;&lt;mi&gt;E&lt;/mi&gt;&lt;/mrow&gt;&lt;mo&gt;&amp;amp;RightVector;&lt;/mo&gt;&lt;/mover&gt;&lt;mo&gt;=&lt;/mo&gt;&lt;mover&gt;&lt;mrow&gt;&lt;mn&gt;0&lt;/mn&gt;&lt;/mrow&gt;&lt;mo&gt;&amp;amp;RightVector;&lt;/mo&gt;&lt;/mover&gt;&lt;/math&gt;"&gt;&lt;/p&gt;</mattext>
                </material>
              </response_label>
            </render_choice>
          </response_lid>
        </presentation>
        <resprocessing>
          <outcomes>
            <decvar maxvalue="100" minvalue="0" varname="SCORE" vartype="Decimal"/>
          </outcomes>
          <respcondition continue="No">
            <conditionvar>
              <varequal respident="response1">7630</varequal>
            </conditionvar>
            <setvar action="Set" varname="SCORE">100</setvar>
          </respcondition>
        </resprocessing>
      </item>
      <item ident="i71c52860f64dd6c2f1327e02054d60dc" title="Question">
        <itemmetadata>
          <qtimetadata>
            <qtimetadatafield>
              <fieldlabel>question_type</fieldlabel>
              <fieldentry>multiple_choice_question</fieldentry>
            </qtimetadatafield>
            <qtimetadatafield>
              <fieldlabel>points_possible</fieldlabel>
              <fieldentry>1.0</fieldentry>
            </qtimetadatafield>
            <qtimetadatafield>
              <fieldlabel>original_answer_ids</fieldlabel>
              <fieldentry>8431,9738,741,3852,5676</fieldentry>
            </qtimetadatafield>
            <qtimetadatafield>
              <fieldlabel>assessment_question_identifierref</fieldlabel>
              <fieldentry>i1153cbae2f03dee11454334a7a65f954</fieldentry>
            </qtimetadatafield>
          </qtimetadata>
        </itemmetadata>
        <presentation>
          <material>
            <mattext texttype="text/html">&lt;div&gt;&lt;p&gt;What is the direction of the electric field at the point&amp;nbsp;&lt;img class="equation_image" title="P_3" src="https://osu.instructure.com/equation_images/P_3" alt="P_3" data-mathml="&lt;math xmlns=&amp;quot;http://www.w3.org/1998/Math/MathML&amp;quot; display=&amp;quot;inline&amp;quot;&gt;&lt;msub&gt;&lt;mi&gt;P&lt;/mi&gt;&lt;mn&gt;3&lt;/mn&gt;&lt;/msub&gt;&lt;/math&gt;"&gt; in the diagram. Assume there are no other charged objects nearby, besides those shown. Select the best option.&lt;/p&gt;
&lt;p&gt;&lt;img src="$IMS-CC-FILEBASE$/Static_2D_Fig_NP_Fixed.png" alt="Static_2D_Fig_NP_Fixed.png"&gt;&lt;/p&gt;&lt;/div&gt;</mattext>
          </material>
          <response_lid ident="response1" rcardinality="Single">
            <render_choice>
              <response_label ident="8431">
                <material>
                  <mattext texttype="text/plain">+x</mattext>
                </material>
              </response_label>
              <response_label ident="9738">
                <material>
                  <mattext texttype="text/plain">-x</mattext>
                </material>
              </response_label>
              <response_label ident="741">
                <material>
                  <mattext texttype="text/plain">+y</mattext>
                </material>
              </response_label>
              <response_label ident="3852">
                <material>
                  <mattext texttype="text/plain">-y</mattext>
                </material>
              </response_label>
              <response_label ident="5676">
                <material>
                  <mattext texttype="text/html">&lt;p&gt;No direction. &lt;img class="equation_image" title="\vec{E}=\vec{0}" src="https://osu.instructure.com/equation_images/%255Cvec%257BE%257D%253D%255Cvec%257B0%257D" alt="\vec{E}=\vec{0}" data-mathml="&lt;math xmlns=&amp;quot;http://www.w3.org/1998/Math/MathML&amp;quot; display=&amp;quot;inline&amp;quot;&gt;&lt;mover&gt;&lt;mrow&gt;&lt;mi&gt;E&lt;/mi&gt;&lt;/mrow&gt;&lt;mo&gt;&amp;amp;RightVector;&lt;/mo&gt;&lt;/mover&gt;&lt;mo&gt;=&lt;/mo&gt;&lt;mover&gt;&lt;mrow&gt;&lt;mn&gt;0&lt;/mn&gt;&lt;/mrow&gt;&lt;mo&gt;&amp;amp;RightVector;&lt;/mo&gt;&lt;/mover&gt;&lt;/math&gt;"&gt;&lt;/p&gt;</mattext>
                </material>
              </response_label>
            </render_choice>
          </response_lid>
        </presentation>
        <resprocessing>
          <outcomes>
            <decvar maxvalue="100" minvalue="0" varname="SCORE" vartype="Decimal"/>
          </outcomes>
          <respcondition continue="No">
            <conditionvar>
              <varequal respident="response1">8431</varequal>
            </conditionvar>
            <setvar action="Set" varname="SCORE">100</setvar>
          </respcondition>
        </resprocessing>
      </item>
    </section>
  </assessment>
</questestinterop>
