<?xml version="1.0" encoding="UTF-8"?>
<questestinterop xmlns="http://www.imsglobal.org/xsd/ims_qtiasiv1p2" xmlns:xsi="http://www.w3.org/2001/XMLSchema-instance" xsi:schemaLocation="http://www.imsglobal.org/xsd/ims_qtiasiv1p2 http://www.imsglobal.org/xsd/ims_qtiasiv1p2p1.xsd">
  <assessment ident="i6cc2e2c811f2b27162b87754f4c8441d" title="Mid-A Opt-out to B">
    <qtimetadata>
      <qtimetadatafield>
        <fieldlabel>cc_maxattempts</fieldlabel>
        <fieldentry>1</fieldentry>
      </qtimetadatafield>
    </qtimetadata>
    <section ident="root_section">
      <item ident="i5679dd39a07e36a0db85dc3c92008119" title="Question">
        <itemmetadata>
          <qtimetadata>
            <qtimetadatafield>
              <fieldlabel>question_type</fieldlabel>
              <fieldentry>multiple_choice_question</fieldentry>
            </qtimetadatafield>
            <qtimetadatafield>
              <fieldlabel>points_possible</fieldlabel>
              <fieldentry>1.0</fieldentry>
            </qtimetadatafield>
            <qtimetadatafield>
              <fieldlabel>original_answer_ids</fieldlabel>
              <fieldentry>96484,85480,51168,88974,38830,73633,87252,66472</fieldentry>
            </qtimetadatafield>
            <qtimetadatafield>
              <fieldlabel>assessment_question_identifierref</fieldlabel>
              <fieldentry>if47b767d37e06559ff801f2d253307ba</fieldentry>
            </qtimetadatafield>
          </qtimetadata>
        </itemmetadata>
        <presentation>
          <material>
            <mattext texttype="text/html">&lt;div&gt;
&lt;p&gt;Now two charged particles are shown, once again with opposite charges. The next four questions refer to this same charge distribution, shown in 3D space with x, y, and z axes. In all questions, assume there are not other charged objects nearby, besides those shown.&lt;/p&gt;
&lt;p&gt;What is the direction of the electric field at the point&amp;nbsp;&lt;img class="equation_image" title="P" src="https://osu.instructure.com/equation_images/P" alt="P"&gt; in the diagram? Select the best option.&lt;/p&gt;
&lt;p&gt;&lt;img src="https://osu.instructure.com/assessment_questions/785537/files/2292567/download?verifier=VWPDcHQ4F2lPeFbJ2nnR6BGS8vOclmVdBloyDl7B" alt="Static_3D_Figures_PN1post.png"&gt;&lt;/p&gt;
&lt;/div&gt;</mattext>
          </material>
          <response_lid ident="response1" rcardinality="Single">
            <render_choice>
              <response_label ident="96484">
                <material>
                  <mattext texttype="text/plain">+x</mattext>
                </material>
              </response_label>
              <response_label ident="85480">
                <material>
                  <mattext texttype="text/plain">-x</mattext>
                </material>
              </response_label>
              <response_label ident="51168">
                <material>
                  <mattext texttype="text/plain">+y</mattext>
                </material>
              </response_label>
              <response_label ident="88974">
                <material>
                  <mattext texttype="text/plain">-y</mattext>
                </material>
              </response_label>
              <response_label ident="38830">
                <material>
                  <mattext texttype="text/plain">Between +y and +z (no x component)</mattext>
                </material>
              </response_label>
              <response_label ident="73633">
                <material>
                  <mattext texttype="text/plain">Between +x and +z (no y component)</mattext>
                </material>
              </response_label>
              <response_label ident="87252">
                <material>
                  <mattext texttype="text/plain">Between +x and -z (no y component)</mattext>
                </material>
              </response_label>
              <response_label ident="66472">
                <material>
                  <mattext texttype="text/plain">Between +x, +y, and +z</mattext>
                </material>
              </response_label>
            </render_choice>
          </response_lid>
        </presentation>
        <resprocessing>
          <outcomes>
            <decvar maxvalue="100" minvalue="0" varname="SCORE" vartype="Decimal"/>
          </outcomes>
          <respcondition continue="No">
            <conditionvar>
              <varequal respident="response1">96484</varequal>
            </conditionvar>
            <setvar action="Set" varname="SCORE">100</setvar>
          </respcondition>
        </resprocessing>
      </item>
      <item ident="i49fd5f9f780961330a35590203a17a5d" title="Question">
        <itemmetadata>
          <qtimetadata>
            <qtimetadatafield>
              <fieldlabel>question_type</fieldlabel>
              <fieldentry>multiple_choice_question</fieldentry>
            </qtimetadatafield>
            <qtimetadatafield>
              <fieldlabel>points_possible</fieldlabel>
              <fieldentry>1.0</fieldentry>
            </qtimetadatafield>
            <qtimetadatafield>
              <fieldlabel>original_answer_ids</fieldlabel>
              <fieldentry>30418,74677,72403,59208,97097,56193,40943</fieldentry>
            </qtimetadatafield>
            <qtimetadatafield>
              <fieldlabel>assessment_question_identifierref</fieldlabel>
              <fieldentry>if47b767d37e06559ff801f2d253307ba</fieldentry>
            </qtimetadatafield>
          </qtimetadata>
        </itemmetadata>
        <presentation>
          <material>
            <mattext texttype="text/html">&lt;div&gt;
&lt;p&gt;What is the direction of the electric field at the point&amp;nbsp;&lt;img class="equation_image" title="P" src="https://osu.instructure.com/equation_images/P" alt="P"&gt; in the diagram? Select the best option.&lt;/p&gt;
&lt;p&gt;&lt;img src="https://osu.instructure.com/assessment_questions/785538/files/2292582/download?verifier=QoVqsPhSTjpmTobpqo21ni6O9QX40Z9kEwwQ56H9" alt="Static_3D_Figures_PN2post.png"&gt;&lt;/p&gt;
&lt;/div&gt;</mattext>
          </material>
          <response_lid ident="response1" rcardinality="Single">
            <render_choice>
              <response_label ident="30418">
                <material>
                  <mattext texttype="text/plain">+x</mattext>
                </material>
              </response_label>
              <response_label ident="74677">
                <material>
                  <mattext texttype="text/plain">-x</mattext>
                </material>
              </response_label>
              <response_label ident="72403">
                <material>
                  <mattext texttype="text/plain">+y</mattext>
                </material>
              </response_label>
              <response_label ident="59208">
                <material>
                  <mattext texttype="text/plain">-y</mattext>
                </material>
              </response_label>
              <response_label ident="97097">
                <material>
                  <mattext texttype="text/plain">+z</mattext>
                </material>
              </response_label>
              <response_label ident="56193">
                <material>
                  <mattext texttype="text/plain">Between +y and +z (no x component)</mattext>
                </material>
              </response_label>
              <response_label ident="40943">
                <material>
                  <mattext texttype="text/html">No direction. &lt;img class="equation_image" title="\vec{E}=\vec{0}" src="https://osu.instructure.com/equation_images/%255Cvec%257BE%257D%253D%255Cvec%257B0%257D" alt="\vec{E}=\vec{0}"&gt; at this location.</mattext>
                </material>
              </response_label>
            </render_choice>
          </response_lid>
        </presentation>
        <resprocessing>
          <outcomes>
            <decvar maxvalue="100" minvalue="0" varname="SCORE" vartype="Decimal"/>
          </outcomes>
          <respcondition continue="No">
            <conditionvar>
              <varequal respident="response1">30418</varequal>
            </conditionvar>
            <setvar action="Set" varname="SCORE">100</setvar>
          </respcondition>
        </resprocessing>
      </item>
      <item ident="i983669fd7cb802eef6544932e1823818" title="Question">
        <itemmetadata>
          <qtimetadata>
            <qtimetadatafield>
              <fieldlabel>question_type</fieldlabel>
              <fieldentry>multiple_choice_question</fieldentry>
            </qtimetadatafield>
            <qtimetadatafield>
              <fieldlabel>points_possible</fieldlabel>
              <fieldentry>1.0</fieldentry>
            </qtimetadatafield>
            <qtimetadatafield>
              <fieldlabel>original_answer_ids</fieldlabel>
              <fieldentry>6252,88984,20526,13721,98965,81880</fieldentry>
            </qtimetadatafield>
            <qtimetadatafield>
              <fieldlabel>assessment_question_identifierref</fieldlabel>
              <fieldentry>if47b767d37e06559ff801f2d253307ba</fieldentry>
            </qtimetadatafield>
          </qtimetadata>
        </itemmetadata>
        <presentation>
          <material>
            <mattext texttype="text/html">&lt;div&gt;
&lt;p&gt;What is the direction of the electric field at the point&amp;nbsp;&lt;img class="equation_image" title="P" src="https://osu.instructure.com/equation_images/P" alt="P"&gt; in the diagram? Select the best option.&lt;/p&gt;
&lt;p&gt;&lt;img src="https://osu.instructure.com/assessment_questions/785539/files/2292593/download?verifier=OuXyi3XCm6yLYhMmjyIUStg7jEh10gwLy43ODUOD" alt="Static_3D_Figures_PN3post.png"&gt;&lt;/p&gt;
&lt;/div&gt;</mattext>
          </material>
          <response_lid ident="response1" rcardinality="Single">
            <render_choice>
              <response_label ident="6252">
                <material>
                  <mattext texttype="text/plain">+x</mattext>
                </material>
              </response_label>
              <response_label ident="88984">
                <material>
                  <mattext texttype="text/plain">-x</mattext>
                </material>
              </response_label>
              <response_label ident="20526">
                <material>
                  <mattext texttype="text/plain">+y</mattext>
                </material>
              </response_label>
              <response_label ident="13721">
                <material>
                  <mattext texttype="text/plain">Between -x and +z (no y component)</mattext>
                </material>
              </response_label>
              <response_label ident="98965">
                <material>
                  <mattext texttype="text/plain">Between -x and +y (no z component)</mattext>
                </material>
              </response_label>
              <response_label ident="81880">
                <material>
                  <mattext texttype="text/html">No direction. &lt;img class="equation_image" title="\vec{E}=\vec{0}" src="https://osu.instructure.com/equation_images/%255Cvec%257BE%257D%253D%255Cvec%257B0%257D" alt="\vec{E}=\vec{0}"&gt; at this location.</mattext>
                </material>
              </response_label>
            </render_choice>
          </response_lid>
        </presentation>
        <resprocessing>
          <outcomes>
            <decvar maxvalue="100" minvalue="0" varname="SCORE" vartype="Decimal"/>
          </outcomes>
          <respcondition continue="No">
            <conditionvar>
              <varequal respident="response1">6252</varequal>
            </conditionvar>
            <setvar action="Set" varname="SCORE">100</setvar>
          </respcondition>
        </resprocessing>
      </item>
      <item ident="i49632472568beb53c73a1b7f16591c25" title="Question">
        <itemmetadata>
          <qtimetadata>
            <qtimetadatafield>
              <fieldlabel>question_type</fieldlabel>
              <fieldentry>multiple_choice_question</fieldentry>
            </qtimetadatafield>
            <qtimetadatafield>
              <fieldlabel>points_possible</fieldlabel>
              <fieldentry>1.0</fieldentry>
            </qtimetadatafield>
            <qtimetadatafield>
              <fieldlabel>original_answer_ids</fieldlabel>
              <fieldentry>30014,53149,1064,67004,40317,43632,82555</fieldentry>
            </qtimetadatafield>
            <qtimetadatafield>
              <fieldlabel>assessment_question_identifierref</fieldlabel>
              <fieldentry>if47b767d37e06559ff801f2d253307ba</fieldentry>
            </qtimetadatafield>
          </qtimetadata>
        </itemmetadata>
        <presentation>
          <material>
            <mattext texttype="text/html">&lt;div&gt;
&lt;p&gt;What is the direction of the electric field at the point&amp;nbsp;&lt;img class="equation_image" title="P" src="https://osu.instructure.com/equation_images/P" alt="P"&gt; in the diagram? Select the best option.&lt;/p&gt;
&lt;p&gt;&lt;img src="https://osu.instructure.com/assessment_questions/785540/files/2292605/download?verifier=acRSCPehjMfuPt3rF3pGixXWpEeOjsDiLlFrI4AN" alt="Static_3D_Figures_PN4post.png"&gt;&lt;/p&gt;
&lt;/div&gt;</mattext>
          </material>
          <response_lid ident="response1" rcardinality="Single">
            <render_choice>
              <response_label ident="30014">
                <material>
                  <mattext texttype="text/plain">+x</mattext>
                </material>
              </response_label>
              <response_label ident="53149">
                <material>
                  <mattext texttype="text/plain">-x</mattext>
                </material>
              </response_label>
              <response_label ident="1064">
                <material>
                  <mattext texttype="text/plain">+y</mattext>
                </material>
              </response_label>
              <response_label ident="67004">
                <material>
                  <mattext texttype="text/plain">+z</mattext>
                </material>
              </response_label>
              <response_label ident="40317">
                <material>
                  <mattext texttype="text/plain">Between +x and +z (no y component)</mattext>
                </material>
              </response_label>
              <response_label ident="43632">
                <material>
                  <mattext texttype="text/plain">Between +x and -z (no y component)</mattext>
                </material>
              </response_label>
              <response_label ident="82555">
                <material>
                  <mattext texttype="text/plain">Between -x, +y, and +z</mattext>
                </material>
              </response_label>
            </render_choice>
          </response_lid>
        </presentation>
        <resprocessing>
          <outcomes>
            <decvar maxvalue="100" minvalue="0" varname="SCORE" vartype="Decimal"/>
          </outcomes>
          <respcondition continue="No">
            <conditionvar>
              <varequal respident="response1">30014</varequal>
            </conditionvar>
            <setvar action="Set" varname="SCORE">100</setvar>
          </respcondition>
        </resprocessing>
      </item>
      <item ident="i108eeed5d563998bcdc176356cf2c162" title="Question">
        <itemmetadata>
          <qtimetadata>
            <qtimetadatafield>
              <fieldlabel>question_type</fieldlabel>
              <fieldentry>multiple_choice_question</fieldentry>
            </qtimetadatafield>
            <qtimetadatafield>
              <fieldlabel>points_possible</fieldlabel>
              <fieldentry>1.0</fieldentry>
            </qtimetadatafield>
            <qtimetadatafield>
              <fieldlabel>original_answer_ids</fieldlabel>
              <fieldentry>48251,42953,25794,42097,69818,22558,26944</fieldentry>
            </qtimetadatafield>
            <qtimetadatafield>
              <fieldlabel>assessment_question_identifierref</fieldlabel>
              <fieldentry>if47b767d37e06559ff801f2d253307ba</fieldentry>
            </qtimetadatafield>
          </qtimetadata>
        </itemmetadata>
        <presentation>
          <material>
            <mattext texttype="text/html">&lt;div&gt;
&lt;p&gt;Now two charged particles are shown, but now both are negatively charged. The next four questions refer to this same charge distribution, shown in 3D space with x, y, and z axes. In all questions, assume there are not other charged objects nearby, besides those shown.&lt;/p&gt;
&lt;p&gt;What is the direction of the electric field at the point&amp;nbsp;&lt;img class="equation_image" title="P" src="https://osu.instructure.com/equation_images/P" alt="P"&gt; in the diagram? Select the best option.&lt;img src="https://osu.instructure.com/assessment_questions/785541/files/2292614/download?verifier=oTLlozRAJcCk4Y6WAVyrRlD44eqCujnf0IW4akoC" alt="Static_3D_Figures_NN1post.png"&gt;&lt;/p&gt;
&lt;/div&gt;</mattext>
          </material>
          <response_lid ident="response1" rcardinality="Single">
            <render_choice>
              <response_label ident="48251">
                <material>
                  <mattext texttype="text/plain">+x</mattext>
                </material>
              </response_label>
              <response_label ident="42953">
                <material>
                  <mattext texttype="text/plain">-x</mattext>
                </material>
              </response_label>
              <response_label ident="25794">
                <material>
                  <mattext texttype="text/plain">+y</mattext>
                </material>
              </response_label>
              <response_label ident="42097">
                <material>
                  <mattext texttype="text/plain">-y</mattext>
                </material>
              </response_label>
              <response_label ident="69818">
                <material>
                  <mattext texttype="text/plain">Between +x and +z (no y component)</mattext>
                </material>
              </response_label>
              <response_label ident="22558">
                <material>
                  <mattext texttype="text/plain">Between -y and -z (no x component)</mattext>
                </material>
              </response_label>
              <response_label ident="26944">
                <material>
                  <mattext texttype="text/html">No direction. &lt;img class="equation_image" title="\vec{E}=\vec{0}" src="https://osu.instructure.com/equation_images/%255Cvec%257BE%257D%253D%255Cvec%257B0%257D" alt="\vec{E}=\vec{0}"&gt; at this location.</mattext>
                </material>
              </response_label>
            </render_choice>
          </response_lid>
        </presentation>
        <resprocessing>
          <outcomes>
            <decvar maxvalue="100" minvalue="0" varname="SCORE" vartype="Decimal"/>
          </outcomes>
          <respcondition continue="No">
            <conditionvar>
              <varequal respident="response1">48251</varequal>
            </conditionvar>
            <setvar action="Set" varname="SCORE">100</setvar>
          </respcondition>
        </resprocessing>
      </item>
      <item ident="iee7d53020014fae87a0967d7ecf67fbd" title="Question">
        <itemmetadata>
          <qtimetadata>
            <qtimetadatafield>
              <fieldlabel>question_type</fieldlabel>
              <fieldentry>multiple_choice_question</fieldentry>
            </qtimetadatafield>
            <qtimetadatafield>
              <fieldlabel>points_possible</fieldlabel>
              <fieldentry>1.0</fieldentry>
            </qtimetadatafield>
            <qtimetadatafield>
              <fieldlabel>original_answer_ids</fieldlabel>
              <fieldentry>50391,8276,34987,54520,87507,53293,28977,76465,74637</fieldentry>
            </qtimetadatafield>
            <qtimetadatafield>
              <fieldlabel>assessment_question_identifierref</fieldlabel>
              <fieldentry>if47b767d37e06559ff801f2d253307ba</fieldentry>
            </qtimetadatafield>
          </qtimetadata>
        </itemmetadata>
        <presentation>
          <material>
            <mattext texttype="text/html">&lt;div&gt;
&lt;p&gt;What is the direction of the electric field at the point&amp;nbsp;&lt;img class="equation_image" title="P" src="https://osu.instructure.com/equation_images/P" alt="P"&gt; in the diagram? Select the best option.&lt;/p&gt;
&lt;p&gt;&lt;img src="https://osu.instructure.com/assessment_questions/785542/files/2292621/download?verifier=UbUdbNXSPraYXpC4PIkkaoVFEyBJAG6ZUZHQmM9O" alt="Static_3D_Figures_NN2post.png"&gt;&lt;/p&gt;
&lt;/div&gt;</mattext>
          </material>
          <response_lid ident="response1" rcardinality="Single">
            <render_choice>
              <response_label ident="50391">
                <material>
                  <mattext texttype="text/plain">+x</mattext>
                </material>
              </response_label>
              <response_label ident="8276">
                <material>
                  <mattext texttype="text/plain">-x</mattext>
                </material>
              </response_label>
              <response_label ident="34987">
                <material>
                  <mattext texttype="text/plain">+y</mattext>
                </material>
              </response_label>
              <response_label ident="54520">
                <material>
                  <mattext texttype="text/plain">-y</mattext>
                </material>
              </response_label>
              <response_label ident="87507">
                <material>
                  <mattext texttype="text/plain">+z</mattext>
                </material>
              </response_label>
              <response_label ident="53293">
                <material>
                  <mattext texttype="text/plain">-z</mattext>
                </material>
              </response_label>
              <response_label ident="28977">
                <material>
                  <mattext texttype="text/plain">Between +y and +z (no x component)</mattext>
                </material>
              </response_label>
              <response_label ident="76465">
                <material>
                  <mattext texttype="text/plain">Between -y and -z (no x component)</mattext>
                </material>
              </response_label>
              <response_label ident="74637">
                <material>
                  <mattext texttype="text/html">No direction. &lt;img class="equation_image" title="\vec{E}=\vec{0}" src="https://osu.instructure.com/equation_images/%255Cvec%257BE%257D%253D%255Cvec%257B0%257D" alt="\vec{E}=\vec{0}"&gt; at this location.</mattext>
                </material>
              </response_label>
            </render_choice>
          </response_lid>
        </presentation>
        <resprocessing>
          <outcomes>
            <decvar maxvalue="100" minvalue="0" varname="SCORE" vartype="Decimal"/>
          </outcomes>
          <respcondition continue="No">
            <conditionvar>
              <varequal respident="response1">50391</varequal>
            </conditionvar>
            <setvar action="Set" varname="SCORE">100</setvar>
          </respcondition>
        </resprocessing>
      </item>
      <item ident="i7e94546935affdc113eeb2cf7ccc26ed" title="Question">
        <itemmetadata>
          <qtimetadata>
            <qtimetadatafield>
              <fieldlabel>question_type</fieldlabel>
              <fieldentry>multiple_choice_question</fieldentry>
            </qtimetadatafield>
            <qtimetadatafield>
              <fieldlabel>points_possible</fieldlabel>
              <fieldentry>1.0</fieldentry>
            </qtimetadatafield>
            <qtimetadatafield>
              <fieldlabel>original_answer_ids</fieldlabel>
              <fieldentry>33242,58151,44212,81322,17405,45929,23472,97196,12189</fieldentry>
            </qtimetadatafield>
            <qtimetadatafield>
              <fieldlabel>assessment_question_identifierref</fieldlabel>
              <fieldentry>if47b767d37e06559ff801f2d253307ba</fieldentry>
            </qtimetadatafield>
          </qtimetadata>
        </itemmetadata>
        <presentation>
          <material>
            <mattext texttype="text/html">&lt;div&gt;
&lt;p&gt;What is the direction of the electric field at the point&amp;nbsp;&lt;img class="equation_image" title="P" src="https://osu.instructure.com/equation_images/P" alt="P"&gt; in the diagram? Select the best option.&lt;/p&gt;
&lt;p&gt;&lt;img src="https://osu.instructure.com/assessment_questions/786118/files/2292631/download?verifier=0l3WYJWzHhMueWDbOdjC9jwusnsuq6f0rikZiYm0" alt="Static_3D_Figures_NN3post.png"&gt;&lt;/p&gt;
&lt;/div&gt;</mattext>
          </material>
          <response_lid ident="response1" rcardinality="Single">
            <render_choice>
              <response_label ident="33242">
                <material>
                  <mattext texttype="text/plain">+x</mattext>
                </material>
              </response_label>
              <response_label ident="58151">
                <material>
                  <mattext texttype="text/plain">-x</mattext>
                </material>
              </response_label>
              <response_label ident="44212">
                <material>
                  <mattext texttype="text/plain">+y</mattext>
                </material>
              </response_label>
              <response_label ident="81322">
                <material>
                  <mattext texttype="text/plain">-y</mattext>
                </material>
              </response_label>
              <response_label ident="17405">
                <material>
                  <mattext texttype="text/plain">+z</mattext>
                </material>
              </response_label>
              <response_label ident="45929">
                <material>
                  <mattext texttype="text/plain">Between -x and +y (no z component)</mattext>
                </material>
              </response_label>
              <response_label ident="23472">
                <material>
                  <mattext texttype="text/plain">Between -x and +z (no y component)</mattext>
                </material>
              </response_label>
              <response_label ident="97196">
                <material>
                  <mattext texttype="text/plain">Between -x, +y, and +z</mattext>
                </material>
              </response_label>
              <response_label ident="12189">
                <material>
                  <mattext texttype="text/plain">Between +x, -y, and -z</mattext>
                </material>
              </response_label>
            </render_choice>
          </response_lid>
        </presentation>
        <resprocessing>
          <outcomes>
            <decvar maxvalue="100" minvalue="0" varname="SCORE" vartype="Decimal"/>
          </outcomes>
          <respcondition continue="No">
            <conditionvar>
              <varequal respident="response1">33242</varequal>
            </conditionvar>
            <setvar action="Set" varname="SCORE">100</setvar>
          </respcondition>
        </resprocessing>
      </item>
      <item ident="i847f5ea71d14a62e5ff47738c6aaa645" title="Question">
        <itemmetadata>
          <qtimetadata>
            <qtimetadatafield>
              <fieldlabel>question_type</fieldlabel>
              <fieldentry>multiple_choice_question</fieldentry>
            </qtimetadatafield>
            <qtimetadatafield>
              <fieldlabel>points_possible</fieldlabel>
              <fieldentry>1.0</fieldentry>
            </qtimetadatafield>
            <qtimetadatafield>
              <fieldlabel>original_answer_ids</fieldlabel>
              <fieldentry>21248,47693,99675,15376,72400,36089,66688,48780,88325,16999</fieldentry>
            </qtimetadatafield>
            <qtimetadatafield>
              <fieldlabel>assessment_question_identifierref</fieldlabel>
              <fieldentry>if47b767d37e06559ff801f2d253307ba</fieldentry>
            </qtimetadatafield>
          </qtimetadata>
        </itemmetadata>
        <presentation>
          <material>
            <mattext texttype="text/html">&lt;div&gt;
&lt;p&gt;What is the direction of the electric field at the point&amp;nbsp;&lt;img class="equation_image" title="P" src="https://osu.instructure.com/equation_images/P" alt="P"&gt; in the diagram? Select the best option.&lt;/p&gt;
&lt;p&gt;&lt;img src="https://osu.instructure.com/assessment_questions/786121/files/2292656/download?verifier=7OQUpY15BLphTQKwiapnFjDhHHGtkGqOyhUoNHdH" alt="Static_3D_Figures_NN4post.png"&gt;&lt;/p&gt;
&lt;/div&gt;</mattext>
          </material>
          <response_lid ident="response1" rcardinality="Single">
            <render_choice>
              <response_label ident="21248">
                <material>
                  <mattext texttype="text/plain">+x</mattext>
                </material>
              </response_label>
              <response_label ident="47693">
                <material>
                  <mattext texttype="text/plain">-x</mattext>
                </material>
              </response_label>
              <response_label ident="99675">
                <material>
                  <mattext texttype="text/plain">+y</mattext>
                </material>
              </response_label>
              <response_label ident="15376">
                <material>
                  <mattext texttype="text/plain">-y</mattext>
                </material>
              </response_label>
              <response_label ident="72400">
                <material>
                  <mattext texttype="text/plain">+z</mattext>
                </material>
              </response_label>
              <response_label ident="36089">
                <material>
                  <mattext texttype="text/plain">-z</mattext>
                </material>
              </response_label>
              <response_label ident="66688">
                <material>
                  <mattext texttype="text/plain">Between +y and +z (no x component)</mattext>
                </material>
              </response_label>
              <response_label ident="48780">
                <material>
                  <mattext texttype="text/plain">Between -x and -y (no z component)</mattext>
                </material>
              </response_label>
              <response_label ident="88325">
                <material>
                  <mattext texttype="text/plain">Between +x and -z (no y component)</mattext>
                </material>
              </response_label>
              <response_label ident="16999">
                <material>
                  <mattext texttype="text/plain">Between -x and +z (no y component)</mattext>
                </material>
              </response_label>
            </render_choice>
          </response_lid>
        </presentation>
        <resprocessing>
          <outcomes>
            <decvar maxvalue="100" minvalue="0" varname="SCORE" vartype="Decimal"/>
          </outcomes>
          <respcondition continue="No">
            <conditionvar>
              <varequal respident="response1">21248</varequal>
            </conditionvar>
            <setvar action="Set" varname="SCORE">100</setvar>
          </respcondition>
        </resprocessing>
      </item>
      <item ident="i998df8c1e9793216370475c0a351ae8e" title="Question">
        <itemmetadata>
          <qtimetadata>
            <qtimetadatafield>
              <fieldlabel>question_type</fieldlabel>
              <fieldentry>multiple_choice_question</fieldentry>
            </qtimetadatafield>
            <qtimetadatafield>
              <fieldlabel>points_possible</fieldlabel>
              <fieldentry>1.0</fieldentry>
            </qtimetadatafield>
            <qtimetadatafield>
              <fieldlabel>original_answer_ids</fieldlabel>
              <fieldentry>59271,52487,21854,21475,56364,3600</fieldentry>
            </qtimetadatafield>
            <qtimetadatafield>
              <fieldlabel>assessment_question_identifierref</fieldlabel>
              <fieldentry>if47b767d37e06559ff801f2d253307ba</fieldentry>
            </qtimetadatafield>
          </qtimetadata>
        </itemmetadata>
        <presentation>
          <material>
            <mattext texttype="text/html">&lt;div&gt;
&lt;p&gt;The next three questions refer to the same arrangement of charged particles with 2D axes. Assume there are no other charged objects nearby, besides those shown.&lt;/p&gt;
&lt;p&gt;What is the direction of the electric field at the point &lt;img class="equation_image" title="P_1" src="https://osu.instructure.com/equation_images/P_1" alt="P_1" data-mathml="&lt;math xmlns=&amp;quot;http://www.w3.org/1998/Math/MathML&amp;quot; display=&amp;quot;inline&amp;quot;&gt;&lt;msub&gt;&lt;mi&gt;P&lt;/mi&gt;&lt;mn&gt;1&lt;/mn&gt;&lt;/msub&gt;&lt;/math&gt;"&gt; in the diagram? Select the best option.&lt;/p&gt;
&lt;p&gt;&lt;img src="https://osu.instructure.com/assessment_questions/786124/files/2292685/download?verifier=LYxkqmZ3yYtHZYkEkmHYAgHT2vxSBIBDFRZdgDNZ" alt="Static_2D_Fig_PP.png"&gt;&lt;/p&gt;
&lt;/div&gt;</mattext>
          </material>
          <response_lid ident="response1" rcardinality="Single">
            <render_choice>
              <response_label ident="59271">
                <material>
                  <mattext texttype="text/plain">+x</mattext>
                </material>
              </response_label>
              <response_label ident="52487">
                <material>
                  <mattext texttype="text/plain">-x</mattext>
                </material>
              </response_label>
              <response_label ident="21854">
                <material>
                  <mattext texttype="text/plain">+y</mattext>
                </material>
              </response_label>
              <response_label ident="21475">
                <material>
                  <mattext texttype="text/plain">-y</mattext>
                </material>
              </response_label>
              <response_label ident="56364">
                <material>
                  <mattext texttype="text/plain">Between +x and +y</mattext>
                </material>
              </response_label>
              <response_label ident="3600">
                <material>
                  <mattext texttype="text/html">No direction. &lt;img class="equation_image" title="\vec{E}=\vec{0}" src="https://osu.instructure.com/equation_images/%255Cvec%257BE%257D%253D%255Cvec%257B0%257D" alt="\vec{E}=\vec{0}"&gt; at this location.</mattext>
                </material>
              </response_label>
            </render_choice>
          </response_lid>
        </presentation>
        <resprocessing>
          <outcomes>
            <decvar maxvalue="100" minvalue="0" varname="SCORE" vartype="Decimal"/>
          </outcomes>
          <respcondition continue="No">
            <conditionvar>
              <varequal respident="response1">59271</varequal>
            </conditionvar>
            <setvar action="Set" varname="SCORE">100</setvar>
          </respcondition>
        </resprocessing>
      </item>
      <item ident="ic164b5b068718942d722aaded004bf23" title="Question">
        <itemmetadata>
          <qtimetadata>
            <qtimetadatafield>
              <fieldlabel>question_type</fieldlabel>
              <fieldentry>multiple_choice_question</fieldentry>
            </qtimetadatafield>
            <qtimetadatafield>
              <fieldlabel>points_possible</fieldlabel>
              <fieldentry>1.0</fieldentry>
            </qtimetadatafield>
            <qtimetadatafield>
              <fieldlabel>original_answer_ids</fieldlabel>
              <fieldentry>76920,8366,73726,97485,27073,38031</fieldentry>
            </qtimetadatafield>
            <qtimetadatafield>
              <fieldlabel>assessment_question_identifierref</fieldlabel>
              <fieldentry>if47b767d37e06559ff801f2d253307ba</fieldentry>
            </qtimetadatafield>
          </qtimetadata>
        </itemmetadata>
        <presentation>
          <material>
            <mattext texttype="text/html">&lt;div&gt;
&lt;p&gt;What is the direction of the electric field at the point&amp;nbsp;&lt;img class="equation_image" title="P_2" src="https://osu.instructure.com/equation_images/P_2" alt="P_2"&gt; in the diagram? Select the best option.&lt;/p&gt;
&lt;p&gt;&lt;img src="https://osu.instructure.com/assessment_questions/786125/files/2292692/download?verifier=4jfwycEhjrFdKPkfzsFahTWB9CS0zDVoKIMSEg64" alt="Static_2D_Fig_PP.png"&gt;&lt;/p&gt;
&lt;/div&gt;</mattext>
          </material>
          <response_lid ident="response1" rcardinality="Single">
            <render_choice>
              <response_label ident="76920">
                <material>
                  <mattext texttype="text/plain">+x</mattext>
                </material>
              </response_label>
              <response_label ident="8366">
                <material>
                  <mattext texttype="text/plain">-x</mattext>
                </material>
              </response_label>
              <response_label ident="73726">
                <material>
                  <mattext texttype="text/plain">+y</mattext>
                </material>
              </response_label>
              <response_label ident="97485">
                <material>
                  <mattext texttype="text/plain">-y</mattext>
                </material>
              </response_label>
              <response_label ident="27073">
                <material>
                  <mattext texttype="text/plain">Between +x and +y</mattext>
                </material>
              </response_label>
              <response_label ident="38031">
                <material>
                  <mattext texttype="text/html">No direction. &lt;img class="equation_image" title="\vec{E}=\vec{0}" src="https://osu.instructure.com/equation_images/%255Cvec%257BE%257D%253D%255Cvec%257B0%257D" alt="\vec{E}=\vec{0}"&gt; at this location.</mattext>
                </material>
              </response_label>
            </render_choice>
          </response_lid>
        </presentation>
        <resprocessing>
          <outcomes>
            <decvar maxvalue="100" minvalue="0" varname="SCORE" vartype="Decimal"/>
          </outcomes>
          <respcondition continue="No">
            <conditionvar>
              <varequal respident="response1">76920</varequal>
            </conditionvar>
            <setvar action="Set" varname="SCORE">100</setvar>
          </respcondition>
        </resprocessing>
      </item>
      <item ident="i235b83aaf9227514ab763868add6c451" title="Question">
        <itemmetadata>
          <qtimetadata>
            <qtimetadatafield>
              <fieldlabel>question_type</fieldlabel>
              <fieldentry>multiple_choice_question</fieldentry>
            </qtimetadatafield>
            <qtimetadatafield>
              <fieldlabel>points_possible</fieldlabel>
              <fieldentry>1.0</fieldentry>
            </qtimetadatafield>
            <qtimetadatafield>
              <fieldlabel>original_answer_ids</fieldlabel>
              <fieldentry>18697,66688,85910,1289,24227,10410</fieldentry>
            </qtimetadatafield>
            <qtimetadatafield>
              <fieldlabel>assessment_question_identifierref</fieldlabel>
              <fieldentry>if47b767d37e06559ff801f2d253307ba</fieldentry>
            </qtimetadatafield>
          </qtimetadata>
        </itemmetadata>
        <presentation>
          <material>
            <mattext texttype="text/html">&lt;div&gt;
&lt;p&gt;What is the direction of the electric field at the point&amp;nbsp;&lt;img class="equation_image" title="P_3" src="https://osu.instructure.com/equation_images/P_3" alt="P_3" data-mathml="&lt;math xmlns=&amp;quot;http://www.w3.org/1998/Math/MathML&amp;quot; display=&amp;quot;inline&amp;quot;&gt;&lt;msub&gt;&lt;mi&gt;P&lt;/mi&gt;&lt;mn&gt;3&lt;/mn&gt;&lt;/msub&gt;&lt;/math&gt;"&gt; in the diagram? Select the best option.&lt;/p&gt;
&lt;p&gt;&lt;img src="$IMS-CC-FILEBASE$/Static_2D_Fig_PP.png" alt="Static_2D_Fig_PP.png"&gt;&lt;/p&gt;
&lt;/div&gt;</mattext>
          </material>
          <response_lid ident="response1" rcardinality="Single">
            <render_choice>
              <response_label ident="18697">
                <material>
                  <mattext texttype="text/plain">+x</mattext>
                </material>
              </response_label>
              <response_label ident="66688">
                <material>
                  <mattext texttype="text/plain">-x</mattext>
                </material>
              </response_label>
              <response_label ident="85910">
                <material>
                  <mattext texttype="text/plain">+y</mattext>
                </material>
              </response_label>
              <response_label ident="1289">
                <material>
                  <mattext texttype="text/plain">-y</mattext>
                </material>
              </response_label>
              <response_label ident="24227">
                <material>
                  <mattext texttype="text/plain">Between +x and +y</mattext>
                </material>
              </response_label>
              <response_label ident="10410">
                <material>
                  <mattext texttype="text/html">&lt;p&gt;No direction. &lt;img class="equation_image" title="\vec{E}=\vec{0}" src="https://osu.instructure.com/equation_images/%255Cvec%257BE%257D%253D%255Cvec%257B0%257D" alt="\vec{E}=\vec{0}" data-mathml="&lt;math xmlns=&amp;quot;http://www.w3.org/1998/Math/MathML&amp;quot; display=&amp;quot;inline&amp;quot;&gt;&lt;mover&gt;&lt;mrow&gt;&lt;mi&gt;E&lt;/mi&gt;&lt;/mrow&gt;&lt;mo&gt;&amp;amp;RightVector;&lt;/mo&gt;&lt;/mover&gt;&lt;mo&gt;=&lt;/mo&gt;&lt;mover&gt;&lt;mrow&gt;&lt;mn&gt;0&lt;/mn&gt;&lt;/mrow&gt;&lt;mo&gt;&amp;amp;RightVector;&lt;/mo&gt;&lt;/mover&gt;&lt;/math&gt;"&gt; at this location.&lt;/p&gt;
&lt;p&gt;&amp;nbsp;&lt;/p&gt;</mattext>
                </material>
              </response_label>
            </render_choice>
          </response_lid>
        </presentation>
        <resprocessing>
          <outcomes>
            <decvar maxvalue="100" minvalue="0" varname="SCORE" vartype="Decimal"/>
          </outcomes>
          <respcondition continue="No">
            <conditionvar>
              <varequal respident="response1">18697</varequal>
            </conditionvar>
            <setvar action="Set" varname="SCORE">100</setvar>
          </respcondition>
        </resprocessing>
      </item>
      <item ident="ibb754f7acb2fe57c2b0f5210d98fe899" title="Question">
        <itemmetadata>
          <qtimetadata>
            <qtimetadatafield>
              <fieldlabel>question_type</fieldlabel>
              <fieldentry>multiple_choice_question</fieldentry>
            </qtimetadatafield>
            <qtimetadatafield>
              <fieldlabel>points_possible</fieldlabel>
              <fieldentry>1.0</fieldentry>
            </qtimetadatafield>
            <qtimetadatafield>
              <fieldlabel>original_answer_ids</fieldlabel>
              <fieldentry>74970,51215,28861,16141,48050</fieldentry>
            </qtimetadatafield>
            <qtimetadatafield>
              <fieldlabel>assessment_question_identifierref</fieldlabel>
              <fieldentry>if47b767d37e06559ff801f2d253307ba</fieldentry>
            </qtimetadatafield>
          </qtimetadata>
        </itemmetadata>
        <presentation>
          <material>
            <mattext texttype="text/html">&lt;div&gt;
&lt;p&gt;Note that the charge arrangement has changed. The next three questions refer to this new arrangement of charged particles with 2D axes.&lt;/p&gt;
&lt;p&gt;What is the direction of the electric field at the point &lt;img class="equation_image" title="P_1" src="https://osu.instructure.com/equation_images/P_1" alt="P_1" data-mathml="&lt;math xmlns=&amp;quot;http://www.w3.org/1998/Math/MathML&amp;quot; display=&amp;quot;inline&amp;quot;&gt;&lt;msub&gt;&lt;mi&gt;P&lt;/mi&gt;&lt;mn&gt;1&lt;/mn&gt;&lt;/msub&gt;&lt;/math&gt;"&gt; in the diagram. Assume there are no other charged objects nearby, besides those shown. Select the best option.&lt;/p&gt;
&lt;p&gt;&lt;img src="$IMS-CC-FILEBASE$/Static_2D_Fig_NP_Fixed.png" alt="Static_2D_Fig_NP_Fixed.png"&gt;&lt;/p&gt;
&lt;/div&gt;</mattext>
          </material>
          <response_lid ident="response1" rcardinality="Single">
            <render_choice>
              <response_label ident="74970">
                <material>
                  <mattext texttype="text/plain">+x</mattext>
                </material>
              </response_label>
              <response_label ident="51215">
                <material>
                  <mattext texttype="text/plain">-x</mattext>
                </material>
              </response_label>
              <response_label ident="28861">
                <material>
                  <mattext texttype="text/plain">+y</mattext>
                </material>
              </response_label>
              <response_label ident="16141">
                <material>
                  <mattext texttype="text/plain">-y</mattext>
                </material>
              </response_label>
              <response_label ident="48050">
                <material>
                  <mattext texttype="text/html">No direction. &lt;img class="equation_image" title="\vec{E}=\vec{0}" src="https://osu.instructure.com/equation_images/%255Cvec%257BE%257D%253D%255Cvec%257B0%257D" alt="\vec{E}=\vec{0}" data-mathml="&lt;math xmlns=&amp;quot;http://www.w3.org/1998/Math/MathML&amp;quot; display=&amp;quot;inline&amp;quot;&gt;&lt;mover&gt;&lt;mrow&gt;&lt;mi&gt;E&lt;/mi&gt;&lt;/mrow&gt;&lt;mo&gt;&amp;amp;RightVector;&lt;/mo&gt;&lt;/mover&gt;&lt;mo&gt;=&lt;/mo&gt;&lt;mover&gt;&lt;mrow&gt;&lt;mn&gt;0&lt;/mn&gt;&lt;/mrow&gt;&lt;mo&gt;&amp;amp;RightVector;&lt;/mo&gt;&lt;/mover&gt;&lt;/math&gt;"&gt; at this point.</mattext>
                </material>
              </response_label>
            </render_choice>
          </response_lid>
        </presentation>
        <resprocessing>
          <outcomes>
            <decvar maxvalue="100" minvalue="0" varname="SCORE" vartype="Decimal"/>
          </outcomes>
          <respcondition continue="No">
            <conditionvar>
              <varequal respident="response1">74970</varequal>
            </conditionvar>
            <setvar action="Set" varname="SCORE">100</setvar>
          </respcondition>
        </resprocessing>
      </item>
      <item ident="ibea38416cf434234e1653113e34d3cf9" title="Question">
        <itemmetadata>
          <qtimetadata>
            <qtimetadatafield>
              <fieldlabel>question_type</fieldlabel>
              <fieldentry>multiple_choice_question</fieldentry>
            </qtimetadatafield>
            <qtimetadatafield>
              <fieldlabel>points_possible</fieldlabel>
              <fieldentry>1.0</fieldentry>
            </qtimetadatafield>
            <qtimetadatafield>
              <fieldlabel>original_answer_ids</fieldlabel>
              <fieldentry>52729,98653,71815,52811,46449</fieldentry>
            </qtimetadatafield>
            <qtimetadatafield>
              <fieldlabel>assessment_question_identifierref</fieldlabel>
              <fieldentry>if47b767d37e06559ff801f2d253307ba</fieldentry>
            </qtimetadatafield>
          </qtimetadata>
        </itemmetadata>
        <presentation>
          <material>
            <mattext texttype="text/html">&lt;div&gt;
&lt;p&gt;What is the direction of the electric field at the point&amp;nbsp;&lt;img class="equation_image" title="P_2" src="https://osu.instructure.com/equation_images/P_2" alt="P_2" data-mathml="&lt;math xmlns=&amp;quot;http://www.w3.org/1998/Math/MathML&amp;quot; display=&amp;quot;inline&amp;quot;&gt;&lt;msub&gt;&lt;mi&gt;P&lt;/mi&gt;&lt;mn&gt;2&lt;/mn&gt;&lt;/msub&gt;&lt;/math&gt;"&gt; in the diagram. Assume there are no other charged objects nearby, besides those shown. Select the best option.&lt;/p&gt;
&lt;p&gt;&lt;img src="$IMS-CC-FILEBASE$/Static_2D_Fig_NP_Fixed.png" alt="Static_2D_Fig_NP_Fixed.png"&gt;&lt;/p&gt;
&lt;/div&gt;</mattext>
          </material>
          <response_lid ident="response1" rcardinality="Single">
            <render_choice>
              <response_label ident="52729">
                <material>
                  <mattext texttype="text/plain">+x</mattext>
                </material>
              </response_label>
              <response_label ident="98653">
                <material>
                  <mattext texttype="text/plain">-x</mattext>
                </material>
              </response_label>
              <response_label ident="71815">
                <material>
                  <mattext texttype="text/plain">+y</mattext>
                </material>
              </response_label>
              <response_label ident="52811">
                <material>
                  <mattext texttype="text/plain">-y</mattext>
                </material>
              </response_label>
              <response_label ident="46449">
                <material>
                  <mattext texttype="text/html">No direction. &lt;img class="equation_image" title="\vec{E}=\vec{0}" src="https://osu.instructure.com/equation_images/%255Cvec%257BE%257D%253D%255Cvec%257B0%257D" alt="\vec{E}=\vec{0}" data-mathml="&lt;math xmlns=&amp;quot;http://www.w3.org/1998/Math/MathML&amp;quot; display=&amp;quot;inline&amp;quot;&gt;&lt;mover&gt;&lt;mrow&gt;&lt;mi&gt;E&lt;/mi&gt;&lt;/mrow&gt;&lt;mo&gt;&amp;amp;RightVector;&lt;/mo&gt;&lt;/mover&gt;&lt;mo&gt;=&lt;/mo&gt;&lt;mover&gt;&lt;mrow&gt;&lt;mn&gt;0&lt;/mn&gt;&lt;/mrow&gt;&lt;mo&gt;&amp;amp;RightVector;&lt;/mo&gt;&lt;/mover&gt;&lt;/math&gt;"&gt;</mattext>
                </material>
              </response_label>
            </render_choice>
          </response_lid>
        </presentation>
        <resprocessing>
          <outcomes>
            <decvar maxvalue="100" minvalue="0" varname="SCORE" vartype="Decimal"/>
          </outcomes>
          <respcondition continue="No">
            <conditionvar>
              <varequal respident="response1">52729</varequal>
            </conditionvar>
            <setvar action="Set" varname="SCORE">100</setvar>
          </respcondition>
        </resprocessing>
      </item>
      <item ident="i16d1987717d89f66140ae519cba32548" title="Question">
        <itemmetadata>
          <qtimetadata>
            <qtimetadatafield>
              <fieldlabel>question_type</fieldlabel>
              <fieldentry>multiple_choice_question</fieldentry>
            </qtimetadatafield>
            <qtimetadatafield>
              <fieldlabel>points_possible</fieldlabel>
              <fieldentry>1.0</fieldentry>
            </qtimetadatafield>
            <qtimetadatafield>
              <fieldlabel>original_answer_ids</fieldlabel>
              <fieldentry>18135,822,45289,88214,92757</fieldentry>
            </qtimetadatafield>
            <qtimetadatafield>
              <fieldlabel>assessment_question_identifierref</fieldlabel>
              <fieldentry>if47b767d37e06559ff801f2d253307ba</fieldentry>
            </qtimetadatafield>
          </qtimetadata>
        </itemmetadata>
        <presentation>
          <material>
            <mattext texttype="text/html">&lt;div&gt;
&lt;p&gt;What is the direction of the electric field at the point&amp;nbsp;&lt;img class="equation_image" title="P_3" src="https://osu.instructure.com/equation_images/P_3" alt="P_3" data-mathml="&lt;math xmlns=&amp;quot;http://www.w3.org/1998/Math/MathML&amp;quot; display=&amp;quot;inline&amp;quot;&gt;&lt;msub&gt;&lt;mi&gt;P&lt;/mi&gt;&lt;mn&gt;3&lt;/mn&gt;&lt;/msub&gt;&lt;/math&gt;"&gt; in the diagram. Assume there are no other charged objects nearby, besides those shown. Select the best option.&lt;/p&gt;
&lt;p&gt;&lt;img src="$IMS-CC-FILEBASE$/Static_2D_Fig_NP_Fixed.png" alt="Static_2D_Fig_NP_Fixed.png"&gt;&lt;/p&gt;
&lt;/div&gt;</mattext>
          </material>
          <response_lid ident="response1" rcardinality="Single">
            <render_choice>
              <response_label ident="18135">
                <material>
                  <mattext texttype="text/plain">+x</mattext>
                </material>
              </response_label>
              <response_label ident="822">
                <material>
                  <mattext texttype="text/plain">-x</mattext>
                </material>
              </response_label>
              <response_label ident="45289">
                <material>
                  <mattext texttype="text/plain">+y</mattext>
                </material>
              </response_label>
              <response_label ident="88214">
                <material>
                  <mattext texttype="text/plain">-y</mattext>
                </material>
              </response_label>
              <response_label ident="92757">
                <material>
                  <mattext texttype="text/html">No direction. &lt;img class="equation_image" title="\vec{E}=\vec{0}" src="https://osu.instructure.com/equation_images/%255Cvec%257BE%257D%253D%255Cvec%257B0%257D" alt="\vec{E}=\vec{0}" data-mathml="&lt;math xmlns=&amp;quot;http://www.w3.org/1998/Math/MathML&amp;quot; display=&amp;quot;inline&amp;quot;&gt;&lt;mover&gt;&lt;mrow&gt;&lt;mi&gt;E&lt;/mi&gt;&lt;/mrow&gt;&lt;mo&gt;&amp;amp;RightVector;&lt;/mo&gt;&lt;/mover&gt;&lt;mo&gt;=&lt;/mo&gt;&lt;mover&gt;&lt;mrow&gt;&lt;mn&gt;0&lt;/mn&gt;&lt;/mrow&gt;&lt;mo&gt;&amp;amp;RightVector;&lt;/mo&gt;&lt;/mover&gt;&lt;/math&gt;"&gt;</mattext>
                </material>
              </response_label>
            </render_choice>
          </response_lid>
        </presentation>
        <resprocessing>
          <outcomes>
            <decvar maxvalue="100" minvalue="0" varname="SCORE" vartype="Decimal"/>
          </outcomes>
          <respcondition continue="No">
            <conditionvar>
              <varequal respident="response1">18135</varequal>
            </conditionvar>
            <setvar action="Set" varname="SCORE">100</setvar>
          </respcondition>
        </resprocessing>
      </item>
    </section>
  </assessment>
</questestinterop>
