<?xml version="1.0" encoding="UTF-8"?>
<questestinterop xmlns="http://www.imsglobal.org/xsd/ims_qtiasiv1p2" xmlns:xsi="http://www.w3.org/2001/XMLSchema-instance" xsi:schemaLocation="http://www.imsglobal.org/xsd/ims_qtiasiv1p2 http://www.imsglobal.org/xsd/ims_qtiasiv1p2p1.xsd">
  <assessment ident="i9d063f5d31bb38ef976ea97f0e9c4070" title="Unnamed Quiz">
    <qtimetadata>
      <qtimetadatafield>
        <fieldlabel>cc_maxattempts</fieldlabel>
        <fieldentry>1</fieldentry>
      </qtimetadatafield>
    </qtimetadata>
    <section ident="root_section">
      <item ident="i51a99cf0e88ac6aa61e43b473ab6532a" title="Question">
        <itemmetadata>
          <qtimetadata>
            <qtimetadatafield>
              <fieldlabel>question_type</fieldlabel>
              <fieldentry>multiple_dropdowns_question</fieldentry>
            </qtimetadatafield>
            <qtimetadatafield>
              <fieldlabel>points_possible</fieldlabel>
              <fieldentry>1.0</fieldentry>
            </qtimetadatafield>
            <qtimetadatafield>
              <fieldlabel>original_answer_ids</fieldlabel>
              <fieldentry>7429,3145,8504,8274,6911,3311,8028,8198,4943</fieldentry>
            </qtimetadatafield>
            <qtimetadatafield>
              <fieldlabel>assessment_question_identifierref</fieldlabel>
              <fieldentry>i11625d3cb6be674a70dca336af2a7bc8</fieldentry>
            </qtimetadatafield>
          </qtimetadata>
        </itemmetadata>
        <presentation>
          <material>
            <mattext texttype="text/html">&lt;div&gt;&lt;p&gt;At the position marked P1, the electric field vector has a [xcomp] x-component, a [ycomp] y-component, and a [zcomp] z-component.&lt;/p&gt;&lt;/div&gt;</mattext>
          </material>
          <response_lid ident="response_xcomp">
            <material>
              <mattext>xcomp</mattext>
            </material>
            <render_choice>
              <response_label ident="7429">
                <material>
                  <mattext texttype="text/plain">Positive</mattext>
                </material>
              </response_label>
              <response_label ident="3145">
                <material>
                  <mattext texttype="text/plain">Negative</mattext>
                </material>
              </response_label>
              <response_label ident="8504">
                <material>
                  <mattext texttype="text/plain">Zero</mattext>
                </material>
              </response_label>
            </render_choice>
          </response_lid>
          <response_lid ident="response_ycomp">
            <material>
              <mattext>ycomp</mattext>
            </material>
            <render_choice>
              <response_label ident="8274">
                <material>
                  <mattext texttype="text/plain">Positive</mattext>
                </material>
              </response_label>
              <response_label ident="6911">
                <material>
                  <mattext texttype="text/plain">Negative</mattext>
                </material>
              </response_label>
              <response_label ident="3311">
                <material>
                  <mattext texttype="text/plain">Zero</mattext>
                </material>
              </response_label>
            </render_choice>
          </response_lid>
          <response_lid ident="response_zcomp">
            <material>
              <mattext>zcomp</mattext>
            </material>
            <render_choice>
              <response_label ident="8028">
                <material>
                  <mattext texttype="text/plain">Positive</mattext>
                </material>
              </response_label>
              <response_label ident="8198">
                <material>
                  <mattext texttype="text/plain">Negative</mattext>
                </material>
              </response_label>
              <response_label ident="4943">
                <material>
                  <mattext texttype="text/plain">Zero</mattext>
                </material>
              </response_label>
            </render_choice>
          </response_lid>
        </presentation>
        <resprocessing>
          <outcomes>
            <decvar maxvalue="100" minvalue="0" varname="SCORE" vartype="Decimal"/>
          </outcomes>
          <respcondition>
            <conditionvar>
              <varequal respident="response_xcomp">7429</varequal>
            </conditionvar>
            <setvar varname="SCORE" action="Add">33.33</setvar>
          </respcondition>
          <respcondition>
            <conditionvar>
              <varequal respident="response_ycomp">8274</varequal>
            </conditionvar>
            <setvar varname="SCORE" action="Add">33.33</setvar>
          </respcondition>
          <respcondition>
            <conditionvar>
              <varequal respident="response_zcomp">8028</varequal>
            </conditionvar>
            <setvar varname="SCORE" action="Add">33.33</setvar>
          </respcondition>
        </resprocessing>
      </item>
    </section>
  </assessment>
</questestinterop>
