<?xml version="1.0" encoding="UTF-8"?>
<questestinterop xmlns="http://www.imsglobal.org/xsd/ims_qtiasiv1p2" xmlns:xsi="http://www.w3.org/2001/XMLSchema-instance" xsi:schemaLocation="http://www.imsglobal.org/xsd/ims_qtiasiv1p2 http://www.imsglobal.org/xsd/ims_qtiasiv1p2p1.xsd">
  <assessment ident="ia902c15a8cab66605c77f2c71345bf1a" title="Unnamed Quiz">
    <qtimetadata>
      <qtimetadatafield>
        <fieldlabel>cc_maxattempts</fieldlabel>
        <fieldentry>1</fieldentry>
      </qtimetadatafield>
    </qtimetadata>
    <section ident="root_section">
      <item ident="i17a3c6f9d9bff5c1aaf7b43a1650dfb3" title="Question">
        <itemmetadata>
          <qtimetadata>
            <qtimetadatafield>
              <fieldlabel>question_type</fieldlabel>
              <fieldentry>multiple_dropdowns_question</fieldentry>
            </qtimetadatafield>
            <qtimetadatafield>
              <fieldlabel>points_possible</fieldlabel>
              <fieldentry>1.0</fieldentry>
            </qtimetadatafield>
            <qtimetadatafield>
              <fieldlabel>original_answer_ids</fieldlabel>
              <fieldentry>46136,50659,61641,49966,40439,12465,90059,30830,45930</fieldentry>
            </qtimetadatafield>
            <qtimetadatafield>
              <fieldlabel>assessment_question_identifierref</fieldlabel>
              <fieldentry>if47b767d37e06559ff801f2d253307ba</fieldentry>
            </qtimetadatafield>
          </qtimetadata>
        </itemmetadata>
        <presentation>
          <material>
            <mattext texttype="text/html">&lt;div&gt;At the position marked P1, the electric field vector has a [xcomp] x-component, a [ycomp] y-component, and a [zcomp] z-component.&lt;/div&gt;</mattext>
          </material>
          <response_lid ident="response_xcomp">
            <material>
              <mattext>xcomp</mattext>
            </material>
            <render_choice>
              <response_label ident="46136">
                <material>
                  <mattext texttype="text/plain">Positive</mattext>
                </material>
              </response_label>
              <response_label ident="50659">
                <material>
                  <mattext texttype="text/plain">Negative</mattext>
                </material>
              </response_label>
              <response_label ident="61641">
                <material>
                  <mattext texttype="text/plain">Zero</mattext>
                </material>
              </response_label>
            </render_choice>
          </response_lid>
          <response_lid ident="response_ycomp">
            <material>
              <mattext>ycomp</mattext>
            </material>
            <render_choice>
              <response_label ident="49966">
                <material>
                  <mattext texttype="text/plain">Positive</mattext>
                </material>
              </response_label>
              <response_label ident="40439">
                <material>
                  <mattext texttype="text/plain">Negative</mattext>
                </material>
              </response_label>
              <response_label ident="12465">
                <material>
                  <mattext texttype="text/plain">Zero</mattext>
                </material>
              </response_label>
            </render_choice>
          </response_lid>
          <response_lid ident="response_zcomp">
            <material>
              <mattext>zcomp</mattext>
            </material>
            <render_choice>
              <response_label ident="90059">
                <material>
                  <mattext texttype="text/plain">Positive</mattext>
                </material>
              </response_label>
              <response_label ident="30830">
                <material>
                  <mattext texttype="text/plain">Negative</mattext>
                </material>
              </response_label>
              <response_label ident="45930">
                <material>
                  <mattext texttype="text/plain">Zero</mattext>
                </material>
              </response_label>
            </render_choice>
          </response_lid>
        </presentation>
        <resprocessing>
          <outcomes>
            <decvar maxvalue="100" minvalue="0" varname="SCORE" vartype="Decimal"/>
          </outcomes>
          <respcondition>
            <conditionvar>
              <varequal respident="response_xcomp">46136</varequal>
            </conditionvar>
            <setvar varname="SCORE" action="Add">33.33</setvar>
          </respcondition>
          <respcondition>
            <conditionvar>
              <varequal respident="response_ycomp">49966</varequal>
            </conditionvar>
            <setvar varname="SCORE" action="Add">33.33</setvar>
          </respcondition>
          <respcondition>
            <conditionvar>
              <varequal respident="response_zcomp">90059</varequal>
            </conditionvar>
            <setvar varname="SCORE" action="Add">33.33</setvar>
          </respcondition>
        </resprocessing>
      </item>
    </section>
  </assessment>
</questestinterop>
