<?xml version="1.0" encoding="UTF-8"?>
<questestinterop xmlns="http://www.imsglobal.org/xsd/ims_qtiasiv1p2" xmlns:xsi="http://www.w3.org/2001/XMLSchema-instance" xsi:schemaLocation="http://www.imsglobal.org/xsd/ims_qtiasiv1p2 http://www.imsglobal.org/xsd/ims_qtiasiv1p2p1.xsd">
  <assessment ident="iea7f77fb6b226c7cd31c73a5ce257c0e" title="Unnamed Quiz">
    <qtimetadata>
      <qtimetadatafield>
        <fieldlabel>cc_maxattempts</fieldlabel>
        <fieldentry>1</fieldentry>
      </qtimetadatafield>
    </qtimetadata>
    <section ident="root_section">
      <item ident="if7e01aa24482fc82038ef3f00824a0b6" title="Question_Gauss_SphereDist">
        <itemmetadata>
          <qtimetadata>
            <qtimetadatafield>
              <fieldlabel>question_type</fieldlabel>
              <fieldentry>multiple_choice_question</fieldentry>
            </qtimetadatafield>
            <qtimetadatafield>
              <fieldlabel>points_possible</fieldlabel>
              <fieldentry>1.0</fieldentry>
            </qtimetadatafield>
            <qtimetadatafield>
              <fieldlabel>original_answer_ids</fieldlabel>
              <fieldentry>4973,3183,4671,2372</fieldentry>
            </qtimetadatafield>
            <qtimetadatafield>
              <fieldlabel>assessment_question_identifierref</fieldlabel>
              <fieldentry>i636a5be309bdb12c012e2a6f2b9d8805</fieldentry>
            </qtimetadatafield>
          </qtimetadata>
        </itemmetadata>
        <presentation>
          <material>
            <mattext texttype="text/html">&lt;div&gt;&lt;p&gt;Consider the spherical charge distribution below (a positive charge Q distributed uniformly throughout the volume of a sphere of radius R, centered on the origin). You need to choose a Guassian surface such that Gauss’s Law will be useful (with a reasonable amount of work) in finding information about the electric field. Which of the following statements is most accurate about choosing a USEFUL Gaussian surface?&lt;/p&gt;
&lt;p&gt;&amp;nbsp;&lt;img src="$IMS-CC-FILEBASE$/Static_Gauss_SphereDist.png" alt="Static_Gauss_SphereDist.png"&gt;&lt;/p&gt;&lt;/div&gt;</mattext>
          </material>
          <response_lid ident="response1" rcardinality="Single">
            <render_choice>
              <response_label ident="4973">
                <material>
                  <mattext texttype="text/plain"></mattext>
                </material>
              </response_label>
              <response_label ident="3183">
                <material>
                  <mattext texttype="text/plain"></mattext>
                </material>
              </response_label>
              <response_label ident="4671">
                <material>
                  <mattext texttype="text/plain"></mattext>
                </material>
              </response_label>
              <response_label ident="2372">
                <material>
                  <mattext texttype="text/plain"></mattext>
                </material>
              </response_label>
            </render_choice>
          </response_lid>
        </presentation>
        <resprocessing>
          <outcomes>
            <decvar maxvalue="100" minvalue="0" varname="SCORE" vartype="Decimal"/>
          </outcomes>
          <respcondition continue="No">
            <conditionvar>
              <varequal respident="response1">4973</varequal>
            </conditionvar>
            <setvar action="Set" varname="SCORE">100</setvar>
          </respcondition>
        </resprocessing>
      </item>
      <item ident="i5dc32720cde3db07d5e1df926472537f" title="Question">
        <itemmetadata>
          <qtimetadata>
            <qtimetadatafield>
              <fieldlabel>question_type</fieldlabel>
              <fieldentry>multiple_choice_question</fieldentry>
            </qtimetadatafield>
            <qtimetadatafield>
              <fieldlabel>points_possible</fieldlabel>
              <fieldentry>1.0</fieldentry>
            </qtimetadatafield>
            <qtimetadatafield>
              <fieldlabel>original_answer_ids</fieldlabel>
              <fieldentry>4290,4119,2589,5718</fieldentry>
            </qtimetadatafield>
            <qtimetadatafield>
              <fieldlabel>assessment_question_identifierref</fieldlabel>
              <fieldentry>i12b2299248c7748efba0c1d364b01bf6</fieldentry>
            </qtimetadatafield>
          </qtimetadata>
        </itemmetadata>
        <presentation>
          <material>
            <mattext texttype="text/html">&lt;div&gt;&lt;p&gt;&lt;img src="$IMS-CC-FILEBASE$/Static_3D_Figures_Gauss_Rod_SqrSurf.png" alt="Static_3D_Figures_Gauss_Rod_SqrSurf.png"&gt;&lt;img src="$IMS-CC-FILEBASE$/Static_3D_Figures_Gauss_Rod_SqrSurf1.png" alt="Static_3D_Figures_Gauss_Rod_SqrSurf1.png"&gt;&lt;img src="$IMS-CC-FILEBASE$/Static_3D_Figures_Gauss_Rod_SqrSurf2.png" alt="Static_3D_Figures_Gauss_Rod_SqrSurf2.png"&gt;&lt;img src="$IMS-CC-FILEBASE$/Static_3D_Figures_Gauss_Rod_SqrSurf3.png" alt="Static_3D_Figures_Gauss_Rod_SqrSurf3.png"&gt;&lt;img src="$IMS-CC-FILEBASE$/Static_3D_Figures_Gauss_Rod_SqrSurf4.png" alt="Static_3D_Figures_Gauss_Rod_SqrSurf4.png"&gt;&lt;img src="$IMS-CC-FILEBASE$/Static_3D_Figures_Gauss_Rod_SqrSurf5.png" alt="Static_3D_Figures_Gauss_Rod_SqrSurf5.png"&gt;&lt;img src="$IMS-CC-FILEBASE$/Static_3D_Figures_Gauss_plate_CylSurf.png" alt="Static_3D_Figures_Gauss_plate_CylSurf.png"&gt;&lt;img src="$IMS-CC-FILEBASE$/Static_3D_Figures_Gauss_plate_CylSurf_trimmed.png" alt="Static_3D_Figures_Gauss_plate_CylSurf_trimmed.png" width="433" height="354"&gt;&lt;/p&gt;&lt;/div&gt;</mattext>
          </material>
          <response_lid ident="response1" rcardinality="Single">
            <render_choice>
              <response_label ident="4290">
                <material>
                  <mattext texttype="text/plain"></mattext>
                </material>
              </response_label>
              <response_label ident="4119">
                <material>
                  <mattext texttype="text/plain"></mattext>
                </material>
              </response_label>
              <response_label ident="2589">
                <material>
                  <mattext texttype="text/plain"></mattext>
                </material>
              </response_label>
              <response_label ident="5718">
                <material>
                  <mattext texttype="text/plain"></mattext>
                </material>
              </response_label>
            </render_choice>
          </response_lid>
        </presentation>
        <resprocessing>
          <outcomes>
            <decvar maxvalue="100" minvalue="0" varname="SCORE" vartype="Decimal"/>
          </outcomes>
          <respcondition continue="No">
            <conditionvar>
              <varequal respident="response1">4290</varequal>
            </conditionvar>
            <setvar action="Set" varname="SCORE">100</setvar>
          </respcondition>
        </resprocessing>
      </item>
    </section>
  </assessment>
</questestinterop>
